customer_id,first_name,last_name,gender,email,phone,city,state,country,signup_date
1,Rahul,Sharma,Female,rahul.sharma1@gmail.com,9332181960,Mumbai,Maharashtra,India,2024-08-11
2,Ananya,Mehta,Male,ananya.mehta2@gmail.com,9838637940,Nashik,Rajasthan,India,2025-03-08
3,Karan,Joshi,Male,karan.joshi3@gmail.com,9351161559,Hyderabad,Telangana,India,2024-02-14
4,Sahil,Mehta,Male,sahil.mehta4@gmail.com,9618495931,Mumbai,Rajasthan,India,2024-08-21
5,Neha,Patel,Male,neha.patel5@gmail.com,9164752553,Hyderabad,Rajasthan,India,2025-11-30
6,Aditya,Kapoor,Male,aditya.kapoor6@gmail.com,9832764835,Mumbai,Gujarat,India,2026-04-21
7,Vivaan,Kulkarni,Female,vivaan.kulkarni7@gmail.com,9413953767,Nashik,Karnataka,India,2024-05-22
8,Ananya,Mehta,Female,ananya.mehta8@gmail.com,9969653287,Pune,Telangana,India,2024-02-18
9,Rahul,Singh,Male,rahul.singh9@gmail.com,9691669784,Ahmedabad,Telangana,India,2024-01-12
10,Rahul,Mehta,Female,rahul.mehta10@gmail.com,9514627048,Nashik,Delhi,India,2024-04-18
11,Neha,Mehta,Male,neha.mehta11@gmail.com,9252880957,Mumbai,Maharashtra,India,2025-01-06
12,Neha,Verma,Male,neha.verma12@gmail.com,9391171822,Delhi,Delhi,India,2024-06-18
13,Diya,Mehta,Female,diya.mehta13@gmail.com,9383465787,Pune,Gujarat,India,2024-08-18
14,Aditya,Kulkarni,Male,aditya.kulkarni14@gmail.com,9983930103,Pune,Maharashtra,India,2026-05-30
15,Karan,Patel,Male,karan.patel15@gmail.com,9473829973,Delhi,Telangana,India,2025-02-20
16,Priya,Patel,Male,priya.patel16@gmail.com,9656670106,Bengaluru,Telangana,India,2026-06-01
17,Rahul,Verma,Male,rahul.verma17@gmail.com,9387262473,Pune,Tamil Nadu,India,2026-04-07
18,Isha,Patel,Male,isha.patel18@gmail.com,9801326773,Chennai,Maharashtra,India,2024-06-17
19,Pooja,Sharma,Female,pooja.sharma19@gmail.com,9474687234,Nagpur,Maharashtra,India,2025-08-16
20,Isha,Sharma,Female,isha.sharma20@gmail.com,9009788208,Pune,Telangana,India,2024-07-09
21,Aditya,Kapoor,Male,aditya.kapoor21@gmail.com,9361939909,Pune,Tamil Nadu,India,2025-11-04
22,Aryan,Kapoor,Female,aryan.kapoor22@gmail.com,9435346247,Bengaluru,Telangana,India,2024-03-15
23,Aarav,Nair,Male,aarav.nair23@gmail.com,9183842513,Bengaluru,Karnataka,India,2024-06-10
24,Sahil,Mehta,Female,sahil.mehta24@gmail.com,9980841241,Pune,Rajasthan,India,2025-07-20
25,Rohan,Joshi,Female,rohan.joshi25@gmail.com,9935348740,Pune,Rajasthan,India,2025-03-09
26,Diya,Sharma,Male,diya.sharma26@gmail.com,9524278680,Pune,Maharashtra,India,2025-12-08
27,Rohan,Mehta,Male,rohan.mehta27@gmail.com,9598262045,Mumbai,Karnataka,India,2024-08-03
28,Ananya,Patel,Female,ananya.patel28@gmail.com,9869232260,Nashik,Rajasthan,India,2024-12-06
29,Vikram,Verma,Female,vikram.verma29@gmail.com,9216073375,Hyderabad,Telangana,India,2026-03-25
30,Ananya,Verma,Male,ananya.verma30@gmail.com,9365414586,Ahmedabad,Karnataka,India,2024-01-29
31,Rahul,Joshi,Male,rahul.joshi31@gmail.com,9940196556,Jaipur,Delhi,India,2024-04-28
32,Pooja,Kapoor,Male,pooja.kapoor32@gmail.com,9406088356,Pune,Rajasthan,India,2024-12-04
33,Kavya,Kulkarni,Male,kavya.kulkarni33@gmail.com,9484656482,Nagpur,Tamil Nadu,India,2025-11-11
34,Pooja,Singh,Female,pooja.singh34@gmail.com,9680443699,Bengaluru,Tamil Nadu,India,2025-03-28
35,Sahil,Verma,Female,sahil.verma35@gmail.com,9214895134,Nagpur,Telangana,India,2024-07-22
36,Rohan,Sharma,Male,rohan.sharma36@gmail.com,9379176936,Delhi,Tamil Nadu,India,2024-09-06
37,Rohan,Sharma,Male,rohan.sharma37@gmail.com,9632870831,Delhi,Gujarat,India,2026-03-31
38,Sahil,Mehta,Female,sahil.mehta38@gmail.com,9798687277,Hyderabad,Telangana,India,2024-09-10
39,Diya,Mehta,Female,diya.mehta39@gmail.com,9347143455,Ahmedabad,Maharashtra,India,2024-05-21
40,Rohan,Verma,Female,rohan.verma40@gmail.com,9231665876,Mumbai,Gujarat,India,2026-05-02
41,Vikram,Deshmukh,Male,vikram.deshmukh41@gmail.com,9967054668,Ahmedabad,Telangana,India,2025-09-09
42,Ananya,Nair,Male,ananya.nair42@gmail.com,9467065627,Nashik,Delhi,India,2025-06-30
43,Aarav,Deshmukh,Male,aarav.deshmukh43@gmail.com,9162720465,Nagpur,Tamil Nadu,India,2024-11-30
44,Karan,Deshmukh,Female,karan.deshmukh44@gmail.com,9641708053,Pune,Telangana,India,2025-10-29
45,Vivaan,Sharma,Male,vivaan.sharma45@gmail.com,9309232719,Nagpur,Tamil Nadu,India,2025-12-17
46,Diya,Kulkarni,Male,diya.kulkarni46@gmail.com,9991241904,Jaipur,Rajasthan,India,2025-01-19
47,Pooja,Verma,Male,pooja.verma47@gmail.com,9931491905,Ahmedabad,Tamil Nadu,India,2025-11-08
48,Amit,Patel,Female,amit.patel48@gmail.com,9067165726,Nashik,Rajasthan,India,2025-06-18
49,Diya,Kapoor,Female,diya.kapoor49@gmail.com,9769453147,Nagpur,Telangana,India,2025-04-20
50,Aryan,Kapoor,Female,aryan.kapoor50@gmail.com,9507527354,Bengaluru,Karnataka,India,2025-09-02
51,Diya,Mehta,Male,diya.mehta51@gmail.com,9831367837,Delhi,Tamil Nadu,India,2026-03-22
52,Aarav,Patel,Female,aarav.patel52@gmail.com,9363495788,Bengaluru,Tamil Nadu,India,2026-02-02
53,Isha,Kulkarni,Female,isha.kulkarni53@gmail.com,9744431351,Ahmedabad,Telangana,India,2025-12-07
54,Sneha,Verma,Male,sneha.verma54@gmail.com,9749894134,Nagpur,Karnataka,India,2024-07-02
55,Neha,Sharma,Male,neha.sharma55@gmail.com,9400842710,Jaipur,Karnataka,India,2025-04-25
56,Meera,Nair,Female,meera.nair56@gmail.com,9204711671,Jaipur,Rajasthan,India,2025-12-03
57,Vivaan,Singh,Male,vivaan.singh57@gmail.com,9941318699,Jaipur,Gujarat,India,2026-03-05
58,Nikhil,Deshmukh,Female,nikhil.deshmukh58@gmail.com,9749649909,Pune,Telangana,India,2024-07-31
59,Priya,Joshi,Male,priya.joshi59@gmail.com,9232812067,Jaipur,Tamil Nadu,India,2024-10-25
60,Vivaan,Verma,Female,vivaan.verma60@gmail.com,9471349361,Ahmedabad,Gujarat,India,2025-10-25
61,Rohan,Joshi,Male,rohan.joshi61@gmail.com,9102499471,Delhi,Rajasthan,India,2024-11-07
62,Pooja,Joshi,Female,pooja.joshi62@gmail.com,9719065940,Pune,Gujarat,India,2025-11-21
63,Aryan,Kapoor,Male,aryan.kapoor63@gmail.com,9490278742,Jaipur,Tamil Nadu,India,2025-10-12
64,Meera,Patel,Female,meera.patel64@gmail.com,9565512567,Hyderabad,Rajasthan,India,2025-02-14
65,Isha,Sharma,Female,isha.sharma65@gmail.com,9154516808,Delhi,Tamil Nadu,India,2024-02-25
66,Priya,Mehta,Female,priya.mehta66@gmail.com,9977034824,Delhi,Rajasthan,India,2025-05-11
67,Rahul,Sharma,Male,rahul.sharma67@gmail.com,9248086131,Delhi,Maharashtra,India,2025-10-25
68,Rohan,Nair,Female,rohan.nair68@gmail.com,9846773782,Chennai,Gujarat,India,2025-09-05
69,Nikhil,Singh,Male,nikhil.singh69@gmail.com,9465840449,Jaipur,Rajasthan,India,2025-05-16
70,Rohan,Nair,Female,rohan.nair70@gmail.com,9558867533,Jaipur,Tamil Nadu,India,2024-08-27
71,Vikram,Sharma,Female,vikram.sharma71@gmail.com,9766270289,Bengaluru,Telangana,India,2024-04-12
72,Sahil,Patel,Female,sahil.patel72@gmail.com,9026217459,Chennai,Rajasthan,India,2024-03-23
73,Karan,Mehta,Female,karan.mehta73@gmail.com,9578091343,Pune,Tamil Nadu,India,2024-04-10
74,Rahul,Nair,Male,rahul.nair74@gmail.com,9400504556,Nashik,Gujarat,India,2025-06-27
75,Vikram,Kapoor,Male,vikram.kapoor75@gmail.com,9221969379,Nashik,Gujarat,India,2025-04-17
76,Diya,Nair,Female,diya.nair76@gmail.com,9074821759,Hyderabad,Rajasthan,India,2025-03-10
77,Diya,Nair,Female,diya.nair77@gmail.com,9367136959,Hyderabad,Rajasthan,India,2024-10-29
78,Aarav,Deshmukh,Female,aarav.deshmukh78@gmail.com,9090974395,Nagpur,Rajasthan,India,2024-07-13
79,Kavya,Joshi,Male,kavya.joshi79@gmail.com,9104709521,Hyderabad,Karnataka,India,2026-02-04
80,Vikram,Singh,Male,vikram.singh80@gmail.com,9285884247,Hyderabad,Rajasthan,India,2026-06-10
81,Karan,Patel,Female,karan.patel81@gmail.com,9123685160,Hyderabad,Delhi,India,2024-05-06
82,Sahil,Kulkarni,Female,sahil.kulkarni82@gmail.com,9965137098,Bengaluru,Delhi,India,2024-08-14
83,Aditya,Nair,Female,aditya.nair83@gmail.com,9612004711,Nagpur,Delhi,India,2024-05-18
84,Pooja,Nair,Female,pooja.nair84@gmail.com,9869261796,Hyderabad,Maharashtra,India,2025-12-07
85,Amit,Verma,Female,amit.verma85@gmail.com,9735158506,Hyderabad,Gujarat,India,2024-05-05
86,Sahil,Patel,Male,sahil.patel86@gmail.com,9900532931,Ahmedabad,Gujarat,India,2025-08-23
87,Priya,Verma,Female,priya.verma87@gmail.com,9290422842,Pune,Rajasthan,India,2026-06-06
88,Aarav,Singh,Male,aarav.singh88@gmail.com,9539502402,Chennai,Delhi,India,2024-04-26
89,Aditya,Nair,Female,aditya.nair89@gmail.com,9589178390,Ahmedabad,Karnataka,India,2025-04-14
90,Aarav,Sharma,Female,aarav.sharma90@gmail.com,9661771159,Nashik,Maharashtra,India,2024-05-09
91,Diya,Kapoor,Female,diya.kapoor91@gmail.com,9698478961,Pune,Telangana,India,2025-11-01
92,Isha,Verma,Female,isha.verma92@gmail.com,9736576615,Chennai,Karnataka,India,2025-11-12
93,Diya,Kulkarni,Male,diya.kulkarni93@gmail.com,9711116152,Ahmedabad,Maharashtra,India,2025-08-23
94,Isha,Mehta,Female,isha.mehta94@gmail.com,9165604945,Pune,Delhi,India,2025-06-03
95,Priya,Singh,Female,priya.singh95@gmail.com,9315851493,Chennai,Telangana,India,2025-07-28
96,Kavya,Kapoor,Male,kavya.kapoor96@gmail.com,9940244550,Nashik,Telangana,India,2024-05-26
97,Aryan,Deshmukh,Male,aryan.deshmukh97@gmail.com,9201836675,Nashik,Karnataka,India,2024-11-15
98,Karan,Kapoor,Male,karan.kapoor98@gmail.com,9022901476,Delhi,Delhi,India,2025-03-28
99,Vikram,Joshi,Male,vikram.joshi99@gmail.com,9815614978,Hyderabad,Maharashtra,India,2024-08-13
100,Pooja,Kapoor,Male,pooja.kapoor100@gmail.com,9034324451,Mumbai,Tamil Nadu,India,2026-02-03
101,Vikram,Singh,Male,vikram.singh101@gmail.com,9683885160,Chennai,Maharashtra,India,2025-04-15
102,Aditya,Kulkarni,Female,aditya.kulkarni102@gmail.com,9966416052,Jaipur,Tamil Nadu,India,2026-05-01
103,Amit,Patel,Female,amit.patel103@gmail.com,9136968164,Bengaluru,Gujarat,India,2024-12-07
104,Sneha,Patel,Male,sneha.patel104@gmail.com,9883552312,Hyderabad,Gujarat,India,2024-06-26
105,Kavya,Singh,Male,kavya.singh105@gmail.com,9277997995,Bengaluru,Gujarat,India,2025-03-26
106,Aditya,Nair,Female,aditya.nair106@gmail.com,9449058147,Delhi,Maharashtra,India,2024-02-28
107,Amit,Joshi,Male,amit.joshi107@gmail.com,9199867980,Delhi,Telangana,India,2025-08-08
108,Priya,Kulkarni,Female,priya.kulkarni108@gmail.com,9820715182,Mumbai,Gujarat,India,2025-12-25
109,Sahil,Nair,Male,sahil.nair109@gmail.com,9554665905,Pune,Karnataka,India,2024-04-06
110,Isha,Deshmukh,Female,isha.deshmukh110@gmail.com,9492519254,Chennai,Gujarat,India,2025-09-01
111,Aditya,Joshi,Female,aditya.joshi111@gmail.com,9528168505,Hyderabad,Gujarat,India,2024-08-07
112,Karan,Nair,Male,karan.nair112@gmail.com,9322141888,Mumbai,Rajasthan,India,2024-12-10
113,Kavya,Singh,Female,kavya.singh113@gmail.com,9222927065,Nagpur,Tamil Nadu,India,2025-09-17
114,Neha,Nair,Male,neha.nair114@gmail.com,9834735977,Hyderabad,Telangana,India,2025-01-26
115,Nikhil,Mehta,Female,nikhil.mehta115@gmail.com,9239240758,Pune,Rajasthan,India,2026-05-16
116,Nikhil,Patel,Female,nikhil.patel116@gmail.com,9124782613,Delhi,Karnataka,India,2024-01-28
117,Vikram,Sharma,Female,vikram.sharma117@gmail.com,9853615305,Pune,Telangana,India,2026-01-01
118,Karan,Singh,Male,karan.singh118@gmail.com,9047277901,Mumbai,Karnataka,India,2024-08-08
119,Rohan,Mehta,Female,rohan.mehta119@gmail.com,9143410369,Delhi,Maharashtra,India,2024-04-23
120,Meera,Kapoor,Male,meera.kapoor120@gmail.com,9893246095,Nagpur,Delhi,India,2025-03-02
121,Sneha,Patel,Female,sneha.patel121@gmail.com,9188888067,Mumbai,Rajasthan,India,2025-01-31
122,Amit,Joshi,Male,amit.joshi122@gmail.com,9515319520,Bengaluru,Delhi,India,2024-12-12
123,Sneha,Nair,Female,sneha.nair123@gmail.com,9221704303,Mumbai,Karnataka,India,2024-11-13
124,Nikhil,Deshmukh,Female,nikhil.deshmukh124@gmail.com,9403450541,Bengaluru,Tamil Nadu,India,2025-02-13
125,Sahil,Deshmukh,Female,sahil.deshmukh125@gmail.com,9277584161,Chennai,Delhi,India,2026-04-22
126,Sneha,Mehta,Female,sneha.mehta126@gmail.com,9511544796,Nashik,Rajasthan,India,2025-03-30
127,Amit,Nair,Male,amit.nair127@gmail.com,9596401658,Nashik,Maharashtra,India,2024-05-26
128,Kavya,Nair,Male,kavya.nair128@gmail.com,9213556909,Nashik,Rajasthan,India,2025-04-05
129,Amit,Kulkarni,Female,amit.kulkarni129@gmail.com,9192856543,Pune,Maharashtra,India,2026-01-23
130,Sneha,Nair,Female,sneha.nair130@gmail.com,9814473947,Nagpur,Maharashtra,India,2024-05-18
131,Aditya,Nair,Male,aditya.nair131@gmail.com,9715518844,Nashik,Rajasthan,India,2025-12-27
132,Sneha,Kulkarni,Male,sneha.kulkarni132@gmail.com,9132370589,Bengaluru,Tamil Nadu,India,2026-04-02
133,Isha,Singh,Male,isha.singh133@gmail.com,9146786691,Nashik,Karnataka,India,2025-10-19
134,Aditya,Nair,Female,aditya.nair134@gmail.com,9852892268,Mumbai,Telangana,India,2024-05-07
135,Nikhil,Singh,Female,nikhil.singh135@gmail.com,9225358414,Nagpur,Rajasthan,India,2025-07-18
136,Diya,Singh,Female,diya.singh136@gmail.com,9981829922,Jaipur,Rajasthan,India,2025-09-11
137,Karan,Kapoor,Male,karan.kapoor137@gmail.com,9010943969,Mumbai,Tamil Nadu,India,2025-10-04
138,Isha,Joshi,Female,isha.joshi138@gmail.com,9736471027,Chennai,Tamil Nadu,India,2025-04-20
139,Priya,Kulkarni,Male,priya.kulkarni139@gmail.com,9555625881,Bengaluru,Gujarat,India,2025-04-22
140,Rahul,Joshi,Female,rahul.joshi140@gmail.com,9321046963,Nashik,Telangana,India,2024-12-01
141,Aryan,Kulkarni,Male,aryan.kulkarni141@gmail.com,9278774701,Chennai,Delhi,India,2025-04-13
142,Ananya,Verma,Female,ananya.verma142@gmail.com,9004797480,Pune,Tamil Nadu,India,2024-05-17
143,Diya,Kulkarni,Female,diya.kulkarni143@gmail.com,9506098358,Hyderabad,Maharashtra,India,2025-01-30
144,Nikhil,Nair,Female,nikhil.nair144@gmail.com,9991216558,Bengaluru,Telangana,India,2024-05-27
145,Priya,Kapoor,Female,priya.kapoor145@gmail.com,9800025787,Nashik,Delhi,India,2025-06-11
146,Rohan,Kulkarni,Female,rohan.kulkarni146@gmail.com,9269495888,Delhi,Rajasthan,India,2025-07-30
147,Neha,Nair,Male,neha.nair147@gmail.com,9551694097,Hyderabad,Rajasthan,India,2026-03-12
148,Aryan,Kapoor,Male,aryan.kapoor148@gmail.com,9097289623,Mumbai,Delhi,India,2025-12-18
149,Rahul,Verma,Male,rahul.verma149@gmail.com,9756263689,Delhi,Telangana,India,2026-05-18
150,Vivaan,Singh,Male,vivaan.singh150@gmail.com,9857865278,Bengaluru,Delhi,India,2024-12-28
151,Diya,Kapoor,Female,diya.kapoor151@gmail.com,9334843443,Delhi,Karnataka,India,2025-05-06
152,Amit,Mehta,Female,amit.mehta152@gmail.com,9419866524,Mumbai,Karnataka,India,2026-01-01
153,Aditya,Kulkarni,Female,aditya.kulkarni153@gmail.com,9473384842,Pune,Delhi,India,2026-01-28
154,Aryan,Verma,Male,aryan.verma154@gmail.com,9083301657,Pune,Rajasthan,India,2026-02-28
155,Rohan,Sharma,Male,rohan.sharma155@gmail.com,9677345401,Jaipur,Gujarat,India,2025-07-01
156,Vivaan,Singh,Female,vivaan.singh156@gmail.com,9206724004,Jaipur,Delhi,India,2024-04-19
157,Karan,Joshi,Female,karan.joshi157@gmail.com,9887287431,Bengaluru,Gujarat,India,2026-01-18
158,Sahil,Joshi,Male,sahil.joshi158@gmail.com,9054932966,Ahmedabad,Karnataka,India,2024-03-29
159,Pooja,Patel,Male,pooja.patel159@gmail.com,9275304637,Hyderabad,Karnataka,India,2024-11-05
160,Aryan,Kapoor,Male,aryan.kapoor160@gmail.com,9453017426,Ahmedabad,Rajasthan,India,2026-02-27
161,Neha,Patel,Female,neha.patel161@gmail.com,9593327279,Bengaluru,Tamil Nadu,India,2025-12-19
162,Isha,Nair,Male,isha.nair162@gmail.com,9391878519,Pune,Maharashtra,India,2026-04-28
163,Isha,Mehta,Male,isha.mehta163@gmail.com,9982258713,Jaipur,Tamil Nadu,India,2024-04-03
164,Nikhil,Nair,Male,nikhil.nair164@gmail.com,9728679087,Hyderabad,Rajasthan,India,2024-01-23
165,Pooja,Joshi,Male,pooja.joshi165@gmail.com,9391065180,Pune,Tamil Nadu,India,2024-02-02
166,Neha,Deshmukh,Male,neha.deshmukh166@gmail.com,9265676618,Nashik,Rajasthan,India,2026-05-30
167,Amit,Patel,Male,amit.patel167@gmail.com,9868230047,Ahmedabad,Tamil Nadu,India,2025-06-28
168,Pooja,Verma,Male,pooja.verma168@gmail.com,9752431069,Mumbai,Gujarat,India,2024-07-30
169,Aditya,Patel,Male,aditya.patel169@gmail.com,9790306738,Nagpur,Telangana,India,2026-06-03
170,Vivaan,Singh,Female,vivaan.singh170@gmail.com,9395995342,Ahmedabad,Gujarat,India,2025-02-27
171,Neha,Joshi,Male,neha.joshi171@gmail.com,9892687056,Ahmedabad,Karnataka,India,2025-12-14
172,Vikram,Deshmukh,Male,vikram.deshmukh172@gmail.com,9462873342,Delhi,Maharashtra,India,2025-07-29
173,Vikram,Deshmukh,Male,vikram.deshmukh173@gmail.com,9634351751,Ahmedabad,Rajasthan,India,2026-04-29
174,Priya,Sharma,Female,priya.sharma174@gmail.com,9699013983,Delhi,Gujarat,India,2026-06-09
175,Karan,Joshi,Male,karan.joshi175@gmail.com,9331739363,Ahmedabad,Karnataka,India,2026-03-05
176,Neha,Deshmukh,Female,neha.deshmukh176@gmail.com,9854458771,Delhi,Telangana,India,2026-05-09
177,Karan,Verma,Female,karan.verma177@gmail.com,9560932048,Jaipur,Delhi,India,2026-01-07
178,Vikram,Joshi,Male,vikram.joshi178@gmail.com,9353693785,Hyderabad,Telangana,India,2026-04-21
179,Meera,Nair,Female,meera.nair179@gmail.com,9252287280,Ahmedabad,Maharashtra,India,2026-05-09
180,Aditya,Sharma,Male,aditya.sharma180@gmail.com,9623120387,Bengaluru,Maharashtra,India,2025-09-24
181,Kavya,Nair,Female,kavya.nair181@gmail.com,9008860084,Ahmedabad,Karnataka,India,2024-01-18
182,Nikhil,Deshmukh,Male,nikhil.deshmukh182@gmail.com,9118233984,Bengaluru,Karnataka,India,2026-03-25
183,Pooja,Patel,Female,pooja.patel183@gmail.com,9679334101,Chennai,Tamil Nadu,India,2025-01-21
184,Isha,Nair,Male,isha.nair184@gmail.com,9021765918,Mumbai,Gujarat,India,2024-08-04
185,Aryan,Nair,Female,aryan.nair185@gmail.com,9014890250,Nagpur,Delhi,India,2024-05-27
186,Pooja,Patel,Female,pooja.patel186@gmail.com,9293968562,Pune,Delhi,India,2026-02-02
187,Amit,Sharma,Male,amit.sharma187@gmail.com,9631599965,Mumbai,Rajasthan,India,2024-10-06
188,Sahil,Nair,Male,sahil.nair188@gmail.com,9586629619,Hyderabad,Telangana,India,2024-09-09
189,Aditya,Patel,Female,aditya.patel189@gmail.com,9262655110,Hyderabad,Tamil Nadu,India,2025-01-03
190,Diya,Patel,Male,diya.patel190@gmail.com,9126788861,Mumbai,Maharashtra,India,2024-12-28
191,Isha,Patel,Female,isha.patel191@gmail.com,9604661839,Ahmedabad,Gujarat,India,2025-12-02
192,Pooja,Singh,Male,pooja.singh192@gmail.com,9444721264,Chennai,Karnataka,India,2025-05-10
193,Aditya,Kulkarni,Female,aditya.kulkarni193@gmail.com,9379937124,Mumbai,Tamil Nadu,India,2024-12-06
194,Kavya,Deshmukh,Female,kavya.deshmukh194@gmail.com,9756924593,Delhi,Karnataka,India,2024-06-30
195,Pooja,Kulkarni,Female,pooja.kulkarni195@gmail.com,9793564651,Jaipur,Gujarat,India,2025-08-29
196,Isha,Singh,Male,isha.singh196@gmail.com,9737416724,Nagpur,Karnataka,India,2025-11-05
197,Rohan,Deshmukh,Female,rohan.deshmukh197@gmail.com,9179796886,Ahmedabad,Maharashtra,India,2026-03-20
198,Amit,Mehta,Male,amit.mehta198@gmail.com,9135290965,Chennai,Maharashtra,India,2024-01-11
199,Rahul,Joshi,Male,rahul.joshi199@gmail.com,9888993756,Delhi,Telangana,India,2025-11-26
200,Aryan,Mehta,Male,aryan.mehta200@gmail.com,9507146112,Bengaluru,Karnataka,India,2024-12-17
201,Sahil,Verma,Female,sahil.verma201@gmail.com,9571775140,Pune,Maharashtra,India,2026-05-19
202,Karan,Patel,Male,karan.patel202@gmail.com,9382825867,Nagpur,Telangana,India,2025-02-18
203,Sneha,Singh,Female,sneha.singh203@gmail.com,9609379660,Nagpur,Gujarat,India,2024-10-12
204,Aditya,Kapoor,Male,aditya.kapoor204@gmail.com,9825537147,Ahmedabad,Rajasthan,India,2024-11-16
205,Kavya,Deshmukh,Female,kavya.deshmukh205@gmail.com,9915579249,Jaipur,Maharashtra,India,2025-11-19
206,Rohan,Kulkarni,Male,rohan.kulkarni206@gmail.com,9341252866,Jaipur,Gujarat,India,2025-08-11
207,Pooja,Deshmukh,Male,pooja.deshmukh207@gmail.com,9782827422,Bengaluru,Telangana,India,2025-04-06
208,Kavya,Sharma,Female,kavya.sharma208@gmail.com,9072368876,Delhi,Tamil Nadu,India,2025-12-28
209,Sahil,Nair,Male,sahil.nair209@gmail.com,9190340438,Hyderabad,Gujarat,India,2026-03-10
210,Sahil,Kapoor,Female,sahil.kapoor210@gmail.com,9881914858,Mumbai,Telangana,India,2026-01-06
211,Sahil,Mehta,Male,sahil.mehta211@gmail.com,9613407451,Delhi,Telangana,India,2024-04-30
212,Ananya,Verma,Female,ananya.verma212@gmail.com,9962923309,Bengaluru,Delhi,India,2024-10-14
213,Kavya,Mehta,Male,kavya.mehta213@gmail.com,9544948126,Mumbai,Karnataka,India,2026-06-06
214,Rohan,Singh,Male,rohan.singh214@gmail.com,9253672946,Chennai,Tamil Nadu,India,2024-03-18
215,Aditya,Deshmukh,Female,aditya.deshmukh215@gmail.com,9577590175,Pune,Telangana,India,2025-07-01
216,Pooja,Verma,Female,pooja.verma216@gmail.com,9374545892,Jaipur,Telangana,India,2025-05-11
217,Karan,Sharma,Male,karan.sharma217@gmail.com,9170127706,Nagpur,Rajasthan,India,2024-05-15
218,Neha,Singh,Female,neha.singh218@gmail.com,9154152064,Nagpur,Tamil Nadu,India,2025-11-02
219,Aditya,Patel,Male,aditya.patel219@gmail.com,9371293870,Mumbai,Rajasthan,India,2024-12-17
220,Rahul,Deshmukh,Male,rahul.deshmukh220@gmail.com,9713611155,Hyderabad,Gujarat,India,2025-01-26
221,Rohan,Singh,Male,rohan.singh221@gmail.com,9890927532,Chennai,Delhi,India,2025-12-04
222,Sahil,Verma,Male,sahil.verma222@gmail.com,9121965652,Nagpur,Karnataka,India,2025-10-22
223,Aditya,Verma,Female,aditya.verma223@gmail.com,9043898364,Mumbai,Telangana,India,2026-03-23
224,Ananya,Nair,Female,ananya.nair224@gmail.com,9137918055,Nashik,Tamil Nadu,India,2026-05-31
225,Aryan,Deshmukh,Female,aryan.deshmukh225@gmail.com,9827109104,Nagpur,Maharashtra,India,2024-03-02
226,Pooja,Mehta,Female,pooja.mehta226@gmail.com,9866618892,Hyderabad,Maharashtra,India,2024-11-13
227,Aditya,Mehta,Male,aditya.mehta227@gmail.com,9285691463,Mumbai,Gujarat,India,2024-03-29
228,Vikram,Patel,Female,vikram.patel228@gmail.com,9990421020,Nashik,Tamil Nadu,India,2024-12-21
229,Nikhil,Mehta,Female,nikhil.mehta229@gmail.com,9252410564,Ahmedabad,Maharashtra,India,2024-09-26
230,Aryan,Patel,Female,aryan.patel230@gmail.com,9785079252,Hyderabad,Telangana,India,2024-04-15
231,Aryan,Patel,Male,aryan.patel231@gmail.com,9800030756,Nashik,Gujarat,India,2026-05-28
232,Vivaan,Mehta,Female,vivaan.mehta232@gmail.com,9353654195,Pune,Delhi,India,2025-11-20
233,Vivaan,Singh,Male,vivaan.singh233@gmail.com,9806174451,Ahmedabad,Tamil Nadu,India,2024-01-09
234,Amit,Verma,Female,amit.verma234@gmail.com,9949375973,Ahmedabad,Telangana,India,2026-03-26
235,Ananya,Singh,Male,ananya.singh235@gmail.com,9603850506,Hyderabad,Maharashtra,India,2024-07-29
236,Nikhil,Verma,Female,nikhil.verma236@gmail.com,9702410386,Bengaluru,Tamil Nadu,India,2026-02-04
237,Aditya,Kapoor,Male,aditya.kapoor237@gmail.com,9826199062,Nagpur,Karnataka,India,2024-09-24
238,Karan,Deshmukh,Female,karan.deshmukh238@gmail.com,9574313291,Nashik,Maharashtra,India,2024-06-17
239,Sahil,Nair,Female,sahil.nair239@gmail.com,9618537474,Pune,Maharashtra,India,2024-06-10
240,Neha,Kapoor,Male,neha.kapoor240@gmail.com,9352135680,Hyderabad,Karnataka,India,2026-04-19
241,Sneha,Sharma,Female,sneha.sharma241@gmail.com,9788317121,Mumbai,Maharashtra,India,2026-04-30
242,Ananya,Singh,Male,ananya.singh242@gmail.com,9651994101,Nagpur,Rajasthan,India,2025-03-30
243,Rohan,Patel,Female,rohan.patel243@gmail.com,9107029667,Mumbai,Tamil Nadu,India,2025-11-30
244,Vikram,Singh,Female,vikram.singh244@gmail.com,9324472099,Jaipur,Gujarat,India,2025-10-24
245,Neha,Nair,Female,neha.nair245@gmail.com,9870146263,Ahmedabad,Gujarat,India,2025-10-07
246,Isha,Sharma,Female,isha.sharma246@gmail.com,9578759856,Hyderabad,Gujarat,India,2024-01-27
247,Karan,Kapoor,Male,karan.kapoor247@gmail.com,9040785932,Pune,Gujarat,India,2025-11-03
248,Ananya,Joshi,Male,ananya.joshi248@gmail.com,9396522395,Bengaluru,Delhi,India,2024-01-29
249,Amit,Kapoor,Male,amit.kapoor249@gmail.com,9937842701,Mumbai,Gujarat,India,2025-09-08
250,Ananya,Sharma,Female,ananya.sharma250@gmail.com,9059325250,Mumbai,Gujarat,India,2025-08-23
251,Rohan,Patel,Female,rohan.patel251@gmail.com,9156915452,Nashik,Rajasthan,India,2025-03-23
252,Meera,Kulkarni,Male,meera.kulkarni252@gmail.com,9895392644,Nashik,Gujarat,India,2026-01-16
253,Aarav,Kapoor,Female,aarav.kapoor253@gmail.com,9902959391,Delhi,Gujarat,India,2024-12-05
254,Aditya,Verma,Female,aditya.verma254@gmail.com,9521570433,Pune,Karnataka,India,2024-09-19
255,Rahul,Sharma,Male,rahul.sharma255@gmail.com,9676267658,Chennai,Maharashtra,India,2026-04-28
256,Meera,Kapoor,Male,meera.kapoor256@gmail.com,9271040541,Pune,Karnataka,India,2024-06-23
257,Pooja,Singh,Male,pooja.singh257@gmail.com,9815997062,Jaipur,Tamil Nadu,India,2024-06-09
258,Vivaan,Patel,Female,vivaan.patel258@gmail.com,9336884443,Pune,Maharashtra,India,2025-02-06
259,Aryan,Mehta,Female,aryan.mehta259@gmail.com,9205061497,Nagpur,Maharashtra,India,2024-01-27
260,Priya,Singh,Female,priya.singh260@gmail.com,9171467741,Ahmedabad,Tamil Nadu,India,2024-07-08
261,Amit,Deshmukh,Female,amit.deshmukh261@gmail.com,9270477434,Jaipur,Maharashtra,India,2024-06-03
262,Rahul,Patel,Female,rahul.patel262@gmail.com,9869380686,Ahmedabad,Rajasthan,India,2026-06-06
263,Meera,Kapoor,Male,meera.kapoor263@gmail.com,9741608989,Jaipur,Gujarat,India,2024-05-03
264,Sahil,Singh,Male,sahil.singh264@gmail.com,9332061632,Jaipur,Karnataka,India,2024-11-23
265,Aditya,Patel,Female,aditya.patel265@gmail.com,9868548709,Jaipur,Delhi,India,2026-03-11
266,Vikram,Patel,Female,vikram.patel266@gmail.com,9229991191,Hyderabad,Telangana,India,2025-07-02
267,Amit,Deshmukh,Female,amit.deshmukh267@gmail.com,9679970246,Nashik,Delhi,India,2025-09-15
268,Pooja,Sharma,Female,pooja.sharma268@gmail.com,9530745054,Hyderabad,Karnataka,India,2026-05-13
269,Meera,Patel,Male,meera.patel269@gmail.com,9247546913,Delhi,Gujarat,India,2026-04-23
270,Vikram,Nair,Female,vikram.nair270@gmail.com,9082148628,Jaipur,Maharashtra,India,2024-06-26
271,Priya,Verma,Male,priya.verma271@gmail.com,9307053457,Ahmedabad,Tamil Nadu,India,2025-10-12
272,Rahul,Sharma,Male,rahul.sharma272@gmail.com,9579727985,Bengaluru,Gujarat,India,2026-05-07
273,Diya,Patel,Female,diya.patel273@gmail.com,9060293333,Hyderabad,Rajasthan,India,2025-02-23
274,Nikhil,Sharma,Male,nikhil.sharma274@gmail.com,9722903494,Hyderabad,Tamil Nadu,India,2025-01-20
275,Amit,Nair,Female,amit.nair275@gmail.com,9374896910,Ahmedabad,Rajasthan,India,2026-05-13
276,Amit,Mehta,Female,amit.mehta276@gmail.com,9417154544,Hyderabad,Gujarat,India,2024-06-02
277,Nikhil,Verma,Male,nikhil.verma277@gmail.com,9965207446,Chennai,Tamil Nadu,India,2026-01-24
278,Vivaan,Kapoor,Male,vivaan.kapoor278@gmail.com,9538758428,Nashik,Karnataka,India,2024-04-09
279,Meera,Singh,Female,meera.singh279@gmail.com,9825135346,Bengaluru,Karnataka,India,2024-09-23
280,Aryan,Joshi,Female,aryan.joshi280@gmail.com,9170999173,Ahmedabad,Maharashtra,India,2026-06-07
281,Pooja,Mehta,Female,pooja.mehta281@gmail.com,9602235697,Nashik,Karnataka,India,2026-06-02
282,Sneha,Patel,Female,sneha.patel282@gmail.com,9525007432,Jaipur,Telangana,India,2024-06-11
283,Meera,Patel,Male,meera.patel283@gmail.com,9966667600,Ahmedabad,Gujarat,India,2026-01-18
284,Amit,Sharma,Female,amit.sharma284@gmail.com,9830033542,Pune,Tamil Nadu,India,2025-05-30
285,Aryan,Joshi,Male,aryan.joshi285@gmail.com,9104478985,Chennai,Rajasthan,India,2024-05-17
286,Karan,Nair,Female,karan.nair286@gmail.com,9326033230,Jaipur,Delhi,India,2024-06-22
287,Rahul,Kulkarni,Male,rahul.kulkarni287@gmail.com,9648909010,Mumbai,Rajasthan,India,2024-04-28
288,Vikram,Nair,Female,vikram.nair288@gmail.com,9184723046,Pune,Rajasthan,India,2025-06-16
289,Diya,Kapoor,Male,diya.kapoor289@gmail.com,9618914117,Nagpur,Delhi,India,2024-07-23
290,Diya,Mehta,Male,diya.mehta290@gmail.com,9564208737,Bengaluru,Gujarat,India,2024-01-03
291,Aarav,Patel,Male,aarav.patel291@gmail.com,9972181143,Delhi,Karnataka,India,2024-09-27
292,Sahil,Sharma,Male,sahil.sharma292@gmail.com,9204556110,Mumbai,Telangana,India,2024-05-21
293,Sneha,Kulkarni,Female,sneha.kulkarni293@gmail.com,9794155216,Chennai,Tamil Nadu,India,2024-10-05
294,Pooja,Nair,Female,pooja.nair294@gmail.com,9212021697,Jaipur,Rajasthan,India,2025-03-24
295,Sneha,Kapoor,Female,sneha.kapoor295@gmail.com,9590277167,Mumbai,Maharashtra,India,2024-09-24
296,Karan,Sharma,Male,karan.sharma296@gmail.com,9588916375,Chennai,Gujarat,India,2026-05-09
297,Isha,Kapoor,Male,isha.kapoor297@gmail.com,9028772175,Nagpur,Karnataka,India,2024-10-11
298,Vivaan,Mehta,Male,vivaan.mehta298@gmail.com,9866317797,Pune,Telangana,India,2025-05-25
299,Sahil,Kulkarni,Male,sahil.kulkarni299@gmail.com,9701660880,Pune,Telangana,India,2025-09-10
300,Kavya,Joshi,Male,kavya.joshi300@gmail.com,9755037589,Jaipur,Tamil Nadu,India,2026-01-03
301,Amit,Nair,Male,amit.nair301@gmail.com,9130554885,Pune,Maharashtra,India,2024-06-17
302,Meera,Singh,Female,meera.singh302@gmail.com,9149331637,Nagpur,Rajasthan,India,2024-12-12
303,Rahul,Deshmukh,Male,rahul.deshmukh303@gmail.com,9917798270,Ahmedabad,Rajasthan,India,2024-02-19
304,Isha,Deshmukh,Female,isha.deshmukh304@gmail.com,9829221699,Bengaluru,Delhi,India,2025-01-28
305,Vikram,Kapoor,Male,vikram.kapoor305@gmail.com,9465472269,Ahmedabad,Karnataka,India,2026-05-13
306,Isha,Kulkarni,Male,isha.kulkarni306@gmail.com,9339452288,Bengaluru,Rajasthan,India,2024-04-28
307,Amit,Mehta,Female,amit.mehta307@gmail.com,9996846081,Mumbai,Tamil Nadu,India,2024-05-28
308,Vivaan,Sharma,Male,vivaan.sharma308@gmail.com,9424420438,Mumbai,Karnataka,India,2026-04-13
309,Sahil,Patel,Male,sahil.patel309@gmail.com,9863840666,Bengaluru,Delhi,India,2024-02-25
310,Aarav,Joshi,Male,aarav.joshi310@gmail.com,9973598933,Hyderabad,Tamil Nadu,India,2024-06-30
311,Aditya,Singh,Male,aditya.singh311@gmail.com,9816064842,Nashik,Delhi,India,2026-05-16
312,Diya,Sharma,Female,diya.sharma312@gmail.com,9720259094,Delhi,Telangana,India,2025-08-09
313,Isha,Kulkarni,Male,isha.kulkarni313@gmail.com,9583281826,Ahmedabad,Delhi,India,2025-02-17
314,Aditya,Kulkarni,Male,aditya.kulkarni314@gmail.com,9355543987,Ahmedabad,Telangana,India,2026-02-09
315,Aarav,Patel,Female,aarav.patel315@gmail.com,9739930561,Chennai,Karnataka,India,2025-07-07
316,Neha,Sharma,Female,neha.sharma316@gmail.com,9887704358,Pune,Maharashtra,India,2024-06-20
317,Isha,Mehta,Male,isha.mehta317@gmail.com,9133613861,Nashik,Maharashtra,India,2025-04-15
318,Karan,Sharma,Male,karan.sharma318@gmail.com,9102481934,Chennai,Tamil Nadu,India,2025-04-06
319,Pooja,Deshmukh,Female,pooja.deshmukh319@gmail.com,9061809190,Pune,Karnataka,India,2025-05-29
320,Rahul,Joshi,Female,rahul.joshi320@gmail.com,9914766072,Ahmedabad,Gujarat,India,2024-05-19
321,Pooja,Mehta,Female,pooja.mehta321@gmail.com,9245088210,Mumbai,Delhi,India,2025-09-02
322,Pooja,Mehta,Male,pooja.mehta322@gmail.com,9435368222,Nagpur,Delhi,India,2026-05-04
323,Diya,Verma,Male,diya.verma323@gmail.com,9290878141,Hyderabad,Maharashtra,India,2024-07-21
324,Aryan,Nair,Female,aryan.nair324@gmail.com,9523149135,Delhi,Tamil Nadu,India,2024-12-02
325,Kavya,Joshi,Male,kavya.joshi325@gmail.com,9995562053,Nagpur,Rajasthan,India,2026-01-27
326,Vikram,Joshi,Female,vikram.joshi326@gmail.com,9257775478,Pune,Gujarat,India,2025-10-23
327,Kavya,Patel,Female,kavya.patel327@gmail.com,9283411080,Jaipur,Delhi,India,2025-02-18
328,Aryan,Verma,Male,aryan.verma328@gmail.com,9848872563,Jaipur,Rajasthan,India,2026-05-27
329,Neha,Singh,Female,neha.singh329@gmail.com,9881658039,Nashik,Telangana,India,2025-06-10
330,Rohan,Nair,Male,rohan.nair330@gmail.com,9299275037,Nagpur,Maharashtra,India,2024-09-27
331,Amit,Verma,Male,amit.verma331@gmail.com,9385677005,Pune,Rajasthan,India,2025-06-17
332,Diya,Joshi,Male,diya.joshi332@gmail.com,9665918463,Ahmedabad,Tamil Nadu,India,2024-12-27
333,Amit,Nair,Female,amit.nair333@gmail.com,9908272318,Hyderabad,Gujarat,India,2024-06-02
334,Sneha,Singh,Female,sneha.singh334@gmail.com,9913651777,Nagpur,Delhi,India,2024-06-14
335,Vikram,Sharma,Male,vikram.sharma335@gmail.com,9029922809,Nashik,Maharashtra,India,2024-06-19
336,Diya,Singh,Female,diya.singh336@gmail.com,9990413797,Delhi,Gujarat,India,2024-08-12
337,Vikram,Kapoor,Male,vikram.kapoor337@gmail.com,9929842579,Jaipur,Maharashtra,India,2024-08-23
338,Pooja,Deshmukh,Male,pooja.deshmukh338@gmail.com,9103886291,Nashik,Tamil Nadu,India,2025-09-21
339,Kavya,Sharma,Male,kavya.sharma339@gmail.com,9172980686,Bengaluru,Telangana,India,2024-02-14
340,Nikhil,Deshmukh,Male,nikhil.deshmukh340@gmail.com,9765991624,Delhi,Telangana,India,2024-08-26
341,Aditya,Joshi,Female,aditya.joshi341@gmail.com,9430098180,Chennai,Rajasthan,India,2024-07-29
342,Karan,Deshmukh,Female,karan.deshmukh342@gmail.com,9126944869,Bengaluru,Delhi,India,2024-10-09
343,Pooja,Verma,Female,pooja.verma343@gmail.com,9887258874,Hyderabad,Delhi,India,2024-12-18
344,Pooja,Singh,Male,pooja.singh344@gmail.com,9372138658,Jaipur,Rajasthan,India,2025-12-01
345,Vivaan,Singh,Female,vivaan.singh345@gmail.com,9012796114,Nagpur,Karnataka,India,2024-03-22
346,Kavya,Sharma,Female,kavya.sharma346@gmail.com,9698490277,Mumbai,Gujarat,India,2026-05-20
347,Nikhil,Joshi,Male,nikhil.joshi347@gmail.com,9098839205,Nagpur,Rajasthan,India,2024-01-01
348,Sneha,Patel,Female,sneha.patel348@gmail.com,9656693801,Pune,Delhi,India,2024-10-18
349,Isha,Kapoor,Female,isha.kapoor349@gmail.com,9543937690,Hyderabad,Gujarat,India,2025-02-20
350,Nikhil,Patel,Male,nikhil.patel350@gmail.com,9845184894,Delhi,Tamil Nadu,India,2025-07-30
351,Meera,Verma,Female,meera.verma351@gmail.com,9779071416,Nagpur,Rajasthan,India,2025-12-19
352,Ananya,Kulkarni,Female,ananya.kulkarni352@gmail.com,9588043416,Bengaluru,Maharashtra,India,2025-07-21
353,Sneha,Nair,Female,sneha.nair353@gmail.com,9539423733,Nagpur,Telangana,India,2024-09-28
354,Priya,Verma,Male,priya.verma354@gmail.com,9395211179,Mumbai,Telangana,India,2026-05-27
355,Isha,Sharma,Female,isha.sharma355@gmail.com,9595794728,Hyderabad,Tamil Nadu,India,2024-08-15
356,Aryan,Singh,Male,aryan.singh356@gmail.com,9867808562,Delhi,Maharashtra,India,2025-12-16
357,Nikhil,Nair,Female,nikhil.nair357@gmail.com,9003691559,Hyderabad,Gujarat,India,2025-07-15
358,Diya,Verma,Female,diya.verma358@gmail.com,9795527636,Bengaluru,Karnataka,India,2026-05-24
359,Pooja,Joshi,Female,pooja.joshi359@gmail.com,9292931438,Chennai,Telangana,India,2025-01-25
360,Priya,Singh,Male,priya.singh360@gmail.com,9702672885,Delhi,Karnataka,India,2024-09-13
361,Isha,Kapoor,Male,isha.kapoor361@gmail.com,9612034717,Bengaluru,Karnataka,India,2025-01-04
362,Amit,Mehta,Female,amit.mehta362@gmail.com,9506159399,Ahmedabad,Gujarat,India,2026-03-10
363,Neha,Kulkarni,Female,neha.kulkarni363@gmail.com,9877169472,Nashik,Rajasthan,India,2026-04-07
364,Karan,Deshmukh,Female,karan.deshmukh364@gmail.com,9112535544,Jaipur,Rajasthan,India,2025-02-08
365,Diya,Nair,Female,diya.nair365@gmail.com,9987622023,Hyderabad,Rajasthan,India,2025-12-18
366,Aditya,Verma,Male,aditya.verma366@gmail.com,9611178006,Ahmedabad,Telangana,India,2024-03-26
367,Rahul,Joshi,Male,rahul.joshi367@gmail.com,9164334722,Ahmedabad,Telangana,India,2024-06-23
368,Aarav,Sharma,Female,aarav.sharma368@gmail.com,9577848728,Nashik,Delhi,India,2025-09-03
369,Sahil,Kapoor,Female,sahil.kapoor369@gmail.com,9884578317,Hyderabad,Karnataka,India,2025-02-26
370,Diya,Singh,Female,diya.singh370@gmail.com,9008254780,Delhi,Telangana,India,2025-05-03
371,Neha,Sharma,Female,neha.sharma371@gmail.com,9493085368,Chennai,Tamil Nadu,India,2024-09-12
372,Sneha,Deshmukh,Female,sneha.deshmukh372@gmail.com,9341638944,Ahmedabad,Telangana,India,2024-10-02
373,Vikram,Verma,Male,vikram.verma373@gmail.com,9224179749,Delhi,Gujarat,India,2024-11-24
374,Aarav,Singh,Male,aarav.singh374@gmail.com,9802144270,Nagpur,Maharashtra,India,2024-06-03
375,Aarav,Nair,Male,aarav.nair375@gmail.com,9564757051,Nashik,Maharashtra,India,2024-09-29
376,Pooja,Patel,Female,pooja.patel376@gmail.com,9234601367,Nagpur,Rajasthan,India,2024-02-04
377,Priya,Nair,Male,priya.nair377@gmail.com,9837645208,Ahmedabad,Maharashtra,India,2024-09-16
378,Meera,Joshi,Male,meera.joshi378@gmail.com,9503136502,Hyderabad,Delhi,India,2024-05-02
379,Pooja,Verma,Male,pooja.verma379@gmail.com,9097925132,Delhi,Maharashtra,India,2025-12-03
380,Kavya,Kulkarni,Male,kavya.kulkarni380@gmail.com,9052812735,Ahmedabad,Telangana,India,2025-10-22
381,Amit,Nair,Male,amit.nair381@gmail.com,9065240778,Hyderabad,Delhi,India,2025-12-14
382,Meera,Verma,Male,meera.verma382@gmail.com,9855749821,Ahmedabad,Gujarat,India,2025-04-05
383,Neha,Joshi,Female,neha.joshi383@gmail.com,9708620959,Nagpur,Karnataka,India,2026-01-08
384,Aditya,Mehta,Female,aditya.mehta384@gmail.com,9387829456,Bengaluru,Maharashtra,India,2024-04-08
385,Nikhil,Patel,Male,nikhil.patel385@gmail.com,9220317310,Jaipur,Rajasthan,India,2026-05-06
386,Pooja,Nair,Female,pooja.nair386@gmail.com,9053910371,Delhi,Telangana,India,2025-10-16
387,Vivaan,Kulkarni,Female,vivaan.kulkarni387@gmail.com,9509480141,Nagpur,Delhi,India,2024-04-09
388,Rahul,Verma,Female,rahul.verma388@gmail.com,9338392886,Pune,Telangana,India,2025-10-15
389,Aryan,Kulkarni,Female,aryan.kulkarni389@gmail.com,9612286852,Ahmedabad,Delhi,India,2025-03-29
390,Amit,Kulkarni,Female,amit.kulkarni390@gmail.com,9566593983,Chennai,Telangana,India,2025-07-17
391,Diya,Kulkarni,Female,diya.kulkarni391@gmail.com,9760049082,Hyderabad,Maharashtra,India,2024-11-03
392,Ananya,Verma,Female,ananya.verma392@gmail.com,9048889921,Mumbai,Tamil Nadu,India,2024-12-30
393,Rohan,Singh,Female,rohan.singh393@gmail.com,9593344196,Jaipur,Gujarat,India,2026-01-21
394,Aditya,Kulkarni,Female,aditya.kulkarni394@gmail.com,9279194096,Pune,Telangana,India,2024-02-27
395,Karan,Kulkarni,Female,karan.kulkarni395@gmail.com,9613906048,Mumbai,Karnataka,India,2025-07-06
396,Aryan,Singh,Female,aryan.singh396@gmail.com,9832067998,Pune,Gujarat,India,2025-03-18
397,Neha,Deshmukh,Male,neha.deshmukh397@gmail.com,9251790864,Pune,Tamil Nadu,India,2025-05-28
398,Vikram,Singh,Male,vikram.singh398@gmail.com,9783769389,Ahmedabad,Gujarat,India,2024-09-05
399,Aditya,Joshi,Female,aditya.joshi399@gmail.com,9591166553,Bengaluru,Karnataka,India,2025-08-31
400,Aarav,Joshi,Male,aarav.joshi400@gmail.com,9597927033,Bengaluru,Gujarat,India,2026-02-14
401,Aditya,Patel,Male,aditya.patel401@gmail.com,9392405147,Delhi,Maharashtra,India,2024-12-05
402,Priya,Mehta,Male,priya.mehta402@gmail.com,9388487920,Chennai,Delhi,India,2025-11-10
403,Nikhil,Sharma,Female,nikhil.sharma403@gmail.com,9204394070,Pune,Tamil Nadu,India,2025-11-07
404,Diya,Kulkarni,Male,diya.kulkarni404@gmail.com,9046368157,Jaipur,Delhi,India,2024-03-31
405,Sneha,Verma,Female,sneha.verma405@gmail.com,9800384576,Nashik,Maharashtra,India,2024-12-21
406,Amit,Kulkarni,Female,amit.kulkarni406@gmail.com,9384046084,Nagpur,Gujarat,India,2024-12-15
407,Pooja,Singh,Male,pooja.singh407@gmail.com,9689363926,Hyderabad,Delhi,India,2024-12-03
408,Sahil,Mehta,Male,sahil.mehta408@gmail.com,9329832482,Chennai,Telangana,India,2024-05-28
409,Aryan,Singh,Female,aryan.singh409@gmail.com,9188125205,Chennai,Tamil Nadu,India,2024-11-06
410,Sahil,Joshi,Male,sahil.joshi410@gmail.com,9312209949,Jaipur,Delhi,India,2024-08-24
411,Kavya,Verma,Male,kavya.verma411@gmail.com,9051728975,Nashik,Telangana,India,2025-01-31
412,Meera,Nair,Male,meera.nair412@gmail.com,9233060463,Nagpur,Telangana,India,2024-07-28
413,Aditya,Singh,Female,aditya.singh413@gmail.com,9975736609,Chennai,Rajasthan,India,2024-11-16
414,Pooja,Kapoor,Male,pooja.kapoor414@gmail.com,9817703886,Mumbai,Delhi,India,2025-01-31
415,Nikhil,Sharma,Male,nikhil.sharma415@gmail.com,9476447264,Jaipur,Maharashtra,India,2025-12-07
416,Nikhil,Singh,Female,nikhil.singh416@gmail.com,9718129826,Chennai,Karnataka,India,2025-04-06
417,Aarav,Singh,Female,aarav.singh417@gmail.com,9937145211,Pune,Rajasthan,India,2025-04-05
418,Amit,Patel,Female,amit.patel418@gmail.com,9892686025,Jaipur,Telangana,India,2025-11-06
419,Rohan,Singh,Male,rohan.singh419@gmail.com,9206447421,Nashik,Gujarat,India,2024-01-04
420,Kavya,Joshi,Male,kavya.joshi420@gmail.com,9777809733,Jaipur,Rajasthan,India,2025-05-02
421,Sahil,Deshmukh,Female,sahil.deshmukh421@gmail.com,9199038498,Nagpur,Maharashtra,India,2024-07-08
422,Rohan,Sharma,Female,rohan.sharma422@gmail.com,9020994510,Pune,Tamil Nadu,India,2024-07-01
423,Sneha,Joshi,Male,sneha.joshi423@gmail.com,9795014556,Pune,Telangana,India,2025-03-13
424,Isha,Patel,Female,isha.patel424@gmail.com,9721458683,Nagpur,Delhi,India,2024-02-29
425,Rahul,Kapoor,Male,rahul.kapoor425@gmail.com,9794695489,Jaipur,Karnataka,India,2024-05-12
426,Kavya,Kapoor,Female,kavya.kapoor426@gmail.com,9877293430,Pune,Maharashtra,India,2025-04-21
427,Rahul,Verma,Female,rahul.verma427@gmail.com,9605583034,Hyderabad,Telangana,India,2024-03-10
428,Neha,Joshi,Female,neha.joshi428@gmail.com,9015569902,Nagpur,Karnataka,India,2026-05-03
429,Karan,Nair,Female,karan.nair429@gmail.com,9027278576,Mumbai,Telangana,India,2025-06-17
430,Neha,Kapoor,Female,neha.kapoor430@gmail.com,9880395512,Hyderabad,Telangana,India,2024-02-01
431,Karan,Deshmukh,Male,karan.deshmukh431@gmail.com,9996291450,Hyderabad,Tamil Nadu,India,2024-03-29
432,Meera,Verma,Female,meera.verma432@gmail.com,9743842150,Nagpur,Maharashtra,India,2025-03-30
433,Nikhil,Sharma,Female,nikhil.sharma433@gmail.com,9823578452,Pune,Telangana,India,2025-06-12
434,Rohan,Verma,Male,rohan.verma434@gmail.com,9768104091,Bengaluru,Tamil Nadu,India,2024-02-17
435,Rahul,Mehta,Female,rahul.mehta435@gmail.com,9094353344,Ahmedabad,Karnataka,India,2026-03-02
436,Sahil,Patel,Female,sahil.patel436@gmail.com,9224109881,Nagpur,Delhi,India,2024-12-24
437,Isha,Kulkarni,Female,isha.kulkarni437@gmail.com,9249321495,Ahmedabad,Tamil Nadu,India,2024-02-21
438,Rohan,Sharma,Female,rohan.sharma438@gmail.com,9016016629,Jaipur,Rajasthan,India,2026-05-06
439,Sahil,Kapoor,Female,sahil.kapoor439@gmail.com,9453817921,Delhi,Maharashtra,India,2025-04-11
440,Neha,Nair,Female,neha.nair440@gmail.com,9332945625,Bengaluru,Tamil Nadu,India,2025-05-14
441,Aarav,Patel,Female,aarav.patel441@gmail.com,9157724599,Nashik,Delhi,India,2024-04-15
442,Pooja,Patel,Female,pooja.patel442@gmail.com,9814876963,Jaipur,Gujarat,India,2025-07-15
443,Sneha,Nair,Female,sneha.nair443@gmail.com,9153966958,Nagpur,Gujarat,India,2025-11-09
444,Aditya,Kapoor,Female,aditya.kapoor444@gmail.com,9199758172,Hyderabad,Tamil Nadu,India,2024-03-12
445,Kavya,Patel,Female,kavya.patel445@gmail.com,9570132902,Nashik,Tamil Nadu,India,2025-06-28
446,Neha,Deshmukh,Female,neha.deshmukh446@gmail.com,9335494651,Jaipur,Maharashtra,India,2025-09-18
447,Nikhil,Deshmukh,Male,nikhil.deshmukh447@gmail.com,9405800851,Hyderabad,Telangana,India,2024-02-01
448,Ananya,Deshmukh,Female,ananya.deshmukh448@gmail.com,9566668327,Nashik,Gujarat,India,2025-07-22
449,Pooja,Kulkarni,Female,pooja.kulkarni449@gmail.com,9242201027,Chennai,Gujarat,India,2024-03-27
450,Rohan,Deshmukh,Female,rohan.deshmukh450@gmail.com,9969278687,Chennai,Karnataka,India,2024-08-19
451,Sneha,Deshmukh,Male,sneha.deshmukh451@gmail.com,9973846895,Mumbai,Maharashtra,India,2025-08-04
452,Meera,Kulkarni,Male,meera.kulkarni452@gmail.com,9971284781,Ahmedabad,Delhi,India,2024-03-31
453,Ananya,Nair,Male,ananya.nair453@gmail.com,9894905807,Delhi,Delhi,India,2025-04-25
454,Aryan,Kulkarni,Female,aryan.kulkarni454@gmail.com,9544209494,Mumbai,Rajasthan,India,2025-04-29
455,Aryan,Singh,Male,aryan.singh455@gmail.com,9490471281,Hyderabad,Karnataka,India,2024-05-15
456,Kavya,Joshi,Female,kavya.joshi456@gmail.com,9401929275,Nashik,Karnataka,India,2026-03-12
457,Ananya,Nair,Male,ananya.nair457@gmail.com,9805129276,Chennai,Gujarat,India,2025-11-07
458,Sahil,Singh,Male,sahil.singh458@gmail.com,9950410276,Delhi,Karnataka,India,2025-05-02
459,Isha,Verma,Female,isha.verma459@gmail.com,9674286047,Chennai,Rajasthan,India,2024-11-19
460,Nikhil,Sharma,Male,nikhil.sharma460@gmail.com,9856945441,Hyderabad,Rajasthan,India,2025-08-21
461,Pooja,Nair,Male,pooja.nair461@gmail.com,9938525800,Pune,Maharashtra,India,2025-02-25
462,Rahul,Mehta,Male,rahul.mehta462@gmail.com,9753443009,Pune,Maharashtra,India,2025-08-31
463,Priya,Kapoor,Male,priya.kapoor463@gmail.com,9119269212,Hyderabad,Karnataka,India,2025-04-23
464,Aditya,Nair,Female,aditya.nair464@gmail.com,9654214066,Bengaluru,Maharashtra,India,2024-09-21
465,Diya,Singh,Female,diya.singh465@gmail.com,9173962712,Ahmedabad,Telangana,India,2025-03-17
466,Priya,Kapoor,Male,priya.kapoor466@gmail.com,9741011947,Mumbai,Tamil Nadu,India,2024-06-01
467,Aarav,Sharma,Female,aarav.sharma467@gmail.com,9425690877,Chennai,Tamil Nadu,India,2026-05-14
468,Aditya,Mehta,Male,aditya.mehta468@gmail.com,9067198554,Chennai,Maharashtra,India,2025-10-09
469,Aditya,Kulkarni,Female,aditya.kulkarni469@gmail.com,9174328063,Hyderabad,Rajasthan,India,2025-02-03
470,Rahul,Kulkarni,Female,rahul.kulkarni470@gmail.com,9173203093,Delhi,Tamil Nadu,India,2024-03-05
471,Isha,Joshi,Female,isha.joshi471@gmail.com,9870050506,Pune,Gujarat,India,2026-04-06
472,Nikhil,Nair,Male,nikhil.nair472@gmail.com,9931027079,Mumbai,Gujarat,India,2025-12-19
473,Rohan,Sharma,Male,rohan.sharma473@gmail.com,9041792911,Pune,Tamil Nadu,India,2025-09-01
474,Kavya,Verma,Male,kavya.verma474@gmail.com,9365651982,Bengaluru,Telangana,India,2026-03-23
475,Priya,Sharma,Male,priya.sharma475@gmail.com,9511426258,Nashik,Tamil Nadu,India,2024-09-06
476,Aryan,Sharma,Male,aryan.sharma476@gmail.com,9196207100,Nashik,Maharashtra,India,2025-12-24
477,Aryan,Joshi,Female,aryan.joshi477@gmail.com,9723248763,Nashik,Delhi,India,2025-12-09
478,Vivaan,Kapoor,Male,vivaan.kapoor478@gmail.com,9791456083,Nagpur,Maharashtra,India,2025-06-26
479,Rahul,Kapoor,Female,rahul.kapoor479@gmail.com,9883734031,Nashik,Rajasthan,India,2026-05-14
480,Meera,Nair,Male,meera.nair480@gmail.com,9200543645,Jaipur,Telangana,India,2026-02-15
481,Sahil,Sharma,Male,sahil.sharma481@gmail.com,9082207811,Nagpur,Rajasthan,India,2025-03-31
482,Aryan,Kapoor,Female,aryan.kapoor482@gmail.com,9635315313,Chennai,Telangana,India,2024-07-23
483,Pooja,Verma,Male,pooja.verma483@gmail.com,9797062397,Nashik,Tamil Nadu,India,2025-01-17
484,Rohan,Nair,Male,rohan.nair484@gmail.com,9543520904,Nashik,Maharashtra,India,2026-05-22
485,Sahil,Nair,Female,sahil.nair485@gmail.com,9253492929,Ahmedabad,Telangana,India,2024-08-23
486,Aditya,Deshmukh,Female,aditya.deshmukh486@gmail.com,9397740633,Bengaluru,Tamil Nadu,India,2025-08-16
487,Ananya,Kapoor,Male,ananya.kapoor487@gmail.com,9906007806,Ahmedabad,Tamil Nadu,India,2025-05-05
488,Rahul,Nair,Female,rahul.nair488@gmail.com,9318063254,Nagpur,Rajasthan,India,2024-04-02
489,Aarav,Nair,Female,aarav.nair489@gmail.com,9279907726,Nashik,Telangana,India,2026-06-11
490,Amit,Nair,Male,amit.nair490@gmail.com,9165804649,Ahmedabad,Delhi,India,2026-03-24
491,Priya,Patel,Female,priya.patel491@gmail.com,9085016579,Mumbai,Karnataka,India,2025-01-10
492,Sneha,Mehta,Male,sneha.mehta492@gmail.com,9832538179,Nagpur,Telangana,India,2026-02-01
493,Ananya,Kulkarni,Female,ananya.kulkarni493@gmail.com,9486401557,Delhi,Delhi,India,2025-06-23
494,Rahul,Nair,Female,rahul.nair494@gmail.com,9795137116,Nashik,Karnataka,India,2024-03-19
495,Rahul,Singh,Female,rahul.singh495@gmail.com,9127238046,Ahmedabad,Gujarat,India,2025-04-30
496,Amit,Deshmukh,Female,amit.deshmukh496@gmail.com,9043103856,Jaipur,Karnataka,India,2025-11-02
497,Karan,Nair,Female,karan.nair497@gmail.com,9749242437,Bengaluru,Karnataka,India,2026-02-27
498,Vivaan,Singh,Female,vivaan.singh498@gmail.com,9472928422,Nashik,Gujarat,India,2024-08-31
499,Rahul,Sharma,Female,rahul.sharma499@gmail.com,9927452380,Bengaluru,Karnataka,India,2024-05-31
500,Amit,Nair,Male,amit.nair500@gmail.com,9841067275,Nashik,Maharashtra,India,2026-01-26
501,Isha,Mehta,Female,isha.mehta501@gmail.com,9474929751,Delhi,Maharashtra,India,2024-05-22
502,Isha,Patel,Female,isha.patel502@gmail.com,9069375150,Jaipur,Rajasthan,India,2024-07-18
503,Aryan,Mehta,Male,aryan.mehta503@gmail.com,9430187186,Nagpur,Tamil Nadu,India,2024-11-21
504,Kavya,Kapoor,Male,kavya.kapoor504@gmail.com,9562656504,Bengaluru,Karnataka,India,2024-11-11
505,Sahil,Mehta,Male,sahil.mehta505@gmail.com,9376742662,Jaipur,Delhi,India,2024-03-29
506,Rohan,Verma,Female,rohan.verma506@gmail.com,9785196106,Hyderabad,Tamil Nadu,India,2024-06-28
507,Isha,Nair,Male,isha.nair507@gmail.com,9326487049,Hyderabad,Tamil Nadu,India,2025-07-26
508,Sahil,Verma,Male,sahil.verma508@gmail.com,9024471462,Delhi,Rajasthan,India,2025-10-22
509,Ananya,Sharma,Male,ananya.sharma509@gmail.com,9471959796,Hyderabad,Rajasthan,India,2025-12-03
510,Meera,Patel,Female,meera.patel510@gmail.com,9890429025,Delhi,Rajasthan,India,2024-05-18
511,Amit,Singh,Male,amit.singh511@gmail.com,9456504481,Ahmedabad,Gujarat,India,2026-02-23
512,Sneha,Patel,Male,sneha.patel512@gmail.com,9855445189,Bengaluru,Telangana,India,2024-05-27
513,Aarav,Singh,Female,aarav.singh513@gmail.com,9576521328,Nagpur,Telangana,India,2024-07-11
514,Isha,Kapoor,Male,isha.kapoor514@gmail.com,9671120754,Bengaluru,Gujarat,India,2026-04-16
515,Sahil,Kapoor,Female,sahil.kapoor515@gmail.com,9240132234,Nashik,Gujarat,India,2024-05-13
516,Aditya,Deshmukh,Male,aditya.deshmukh516@gmail.com,9107603108,Jaipur,Maharashtra,India,2025-04-25
517,Rahul,Joshi,Male,rahul.joshi517@gmail.com,9140119393,Nashik,Rajasthan,India,2024-12-25
518,Aarav,Patel,Male,aarav.patel518@gmail.com,9495528938,Jaipur,Maharashtra,India,2024-04-11
519,Aryan,Sharma,Male,aryan.sharma519@gmail.com,9342801387,Bengaluru,Rajasthan,India,2025-08-26
520,Sneha,Nair,Male,sneha.nair520@gmail.com,9256638361,Bengaluru,Maharashtra,India,2025-04-22
521,Rahul,Mehta,Male,rahul.mehta521@gmail.com,9754801571,Chennai,Karnataka,India,2025-04-12
522,Kavya,Joshi,Female,kavya.joshi522@gmail.com,9386463175,Nashik,Maharashtra,India,2025-11-21
523,Meera,Patel,Female,meera.patel523@gmail.com,9781126691,Nashik,Maharashtra,India,2025-01-07
524,Priya,Kulkarni,Male,priya.kulkarni524@gmail.com,9961367499,Hyderabad,Telangana,India,2026-03-19
525,Pooja,Kulkarni,Female,pooja.kulkarni525@gmail.com,9967842711,Hyderabad,Tamil Nadu,India,2025-05-24
526,Ananya,Singh,Male,ananya.singh526@gmail.com,9101702695,Nashik,Karnataka,India,2025-09-28
527,Kavya,Patel,Male,kavya.patel527@gmail.com,9877347784,Ahmedabad,Karnataka,India,2026-04-08
528,Isha,Mehta,Male,isha.mehta528@gmail.com,9061675677,Mumbai,Maharashtra,India,2024-06-30
529,Isha,Joshi,Male,isha.joshi529@gmail.com,9762467197,Ahmedabad,Rajasthan,India,2025-07-06
530,Aryan,Nair,Female,aryan.nair530@gmail.com,9828064796,Jaipur,Rajasthan,India,2024-12-27
531,Neha,Kulkarni,Male,neha.kulkarni531@gmail.com,9090255905,Chennai,Maharashtra,India,2025-03-14
532,Amit,Kulkarni,Female,amit.kulkarni532@gmail.com,9503334911,Hyderabad,Maharashtra,India,2024-12-11
533,Sneha,Sharma,Female,sneha.sharma533@gmail.com,9076986407,Jaipur,Maharashtra,India,2024-11-20
534,Pooja,Kapoor,Female,pooja.kapoor534@gmail.com,9591713578,Bengaluru,Gujarat,India,2025-09-21
535,Neha,Kulkarni,Female,neha.kulkarni535@gmail.com,9371834404,Jaipur,Tamil Nadu,India,2026-04-03
536,Ananya,Kapoor,Male,ananya.kapoor536@gmail.com,9919541987,Chennai,Gujarat,India,2024-12-21
537,Aditya,Joshi,Female,aditya.joshi537@gmail.com,9685366498,Delhi,Rajasthan,India,2026-02-20
538,Isha,Singh,Male,isha.singh538@gmail.com,9829737489,Chennai,Delhi,India,2026-01-14
539,Vivaan,Mehta,Male,vivaan.mehta539@gmail.com,9572324665,Pune,Rajasthan,India,2024-07-27
540,Vikram,Joshi,Female,vikram.joshi540@gmail.com,9249363123,Mumbai,Gujarat,India,2026-03-27
541,Neha,Nair,Female,neha.nair541@gmail.com,9866032420,Hyderabad,Telangana,India,2026-04-02
542,Diya,Mehta,Male,diya.mehta542@gmail.com,9070015941,Chennai,Karnataka,India,2025-11-18
543,Aditya,Deshmukh,Male,aditya.deshmukh543@gmail.com,9319818984,Delhi,Maharashtra,India,2024-08-31
544,Kavya,Patel,Female,kavya.patel544@gmail.com,9596363212,Nagpur,Karnataka,India,2025-03-26
545,Vikram,Joshi,Male,vikram.joshi545@gmail.com,9785158673,Hyderabad,Telangana,India,2024-05-28
546,Amit,Nair,Female,amit.nair546@gmail.com,9409003486,Hyderabad,Rajasthan,India,2025-12-18
547,Amit,Patel,Male,amit.patel547@gmail.com,9760644134,Nagpur,Telangana,India,2024-06-13
548,Sahil,Kulkarni,Female,sahil.kulkarni548@gmail.com,9041776561,Nashik,Rajasthan,India,2024-09-24
549,Nikhil,Patel,Female,nikhil.patel549@gmail.com,9698570027,Nashik,Maharashtra,India,2025-02-14
550,Priya,Joshi,Female,priya.joshi550@gmail.com,9911238296,Bengaluru,Tamil Nadu,India,2025-05-04
551,Rohan,Joshi,Male,rohan.joshi551@gmail.com,9954316526,Chennai,Telangana,India,2025-08-07
552,Ananya,Sharma,Male,ananya.sharma552@gmail.com,9893173420,Chennai,Delhi,India,2025-03-15
553,Kavya,Joshi,Male,kavya.joshi553@gmail.com,9152910867,Delhi,Maharashtra,India,2024-08-17
554,Priya,Verma,Female,priya.verma554@gmail.com,9476263934,Nagpur,Tamil Nadu,India,2024-07-03
555,Vikram,Singh,Male,vikram.singh555@gmail.com,9443973597,Pune,Maharashtra,India,2025-04-25
556,Rohan,Kulkarni,Female,rohan.kulkarni556@gmail.com,9366941180,Mumbai,Karnataka,India,2024-08-28
557,Meera,Kulkarni,Male,meera.kulkarni557@gmail.com,9048964652,Ahmedabad,Maharashtra,India,2025-08-17
558,Sneha,Joshi,Male,sneha.joshi558@gmail.com,9875721586,Nashik,Karnataka,India,2024-04-29
559,Karan,Sharma,Male,karan.sharma559@gmail.com,9745644948,Bengaluru,Tamil Nadu,India,2024-06-17
560,Karan,Nair,Male,karan.nair560@gmail.com,9870320320,Delhi,Karnataka,India,2024-06-16
561,Sahil,Deshmukh,Male,sahil.deshmukh561@gmail.com,9707587771,Nashik,Maharashtra,India,2024-12-23
562,Aditya,Verma,Female,aditya.verma562@gmail.com,9228499390,Ahmedabad,Telangana,India,2025-08-07
563,Sneha,Deshmukh,Male,sneha.deshmukh563@gmail.com,9371504165,Jaipur,Maharashtra,India,2026-05-07
564,Karan,Singh,Male,karan.singh564@gmail.com,9177749050,Jaipur,Tamil Nadu,India,2024-11-28
565,Aryan,Singh,Male,aryan.singh565@gmail.com,9045018961,Chennai,Karnataka,India,2024-07-01
566,Ananya,Deshmukh,Male,ananya.deshmukh566@gmail.com,9032664214,Delhi,Telangana,India,2025-03-18
567,Neha,Kapoor,Male,neha.kapoor567@gmail.com,9515837767,Hyderabad,Delhi,India,2025-09-06
568,Vikram,Patel,Female,vikram.patel568@gmail.com,9592661085,Delhi,Rajasthan,India,2024-08-17
569,Rohan,Nair,Male,rohan.nair569@gmail.com,9476174224,Nagpur,Delhi,India,2025-03-13
570,Neha,Kapoor,Male,neha.kapoor570@gmail.com,9810818661,Delhi,Rajasthan,India,2026-01-07
571,Aryan,Joshi,Female,aryan.joshi571@gmail.com,9491801722,Chennai,Maharashtra,India,2024-03-26
572,Vikram,Joshi,Female,vikram.joshi572@gmail.com,9977945232,Pune,Rajasthan,India,2025-09-10
573,Diya,Patel,Female,diya.patel573@gmail.com,9800610277,Chennai,Telangana,India,2025-11-04
574,Kavya,Nair,Female,kavya.nair574@gmail.com,9995641220,Nagpur,Maharashtra,India,2026-04-15
575,Aarav,Verma,Male,aarav.verma575@gmail.com,9372368314,Delhi,Gujarat,India,2025-04-30
576,Vikram,Sharma,Male,vikram.sharma576@gmail.com,9227770793,Nagpur,Karnataka,India,2025-08-06
577,Pooja,Sharma,Female,pooja.sharma577@gmail.com,9016679984,Mumbai,Tamil Nadu,India,2025-02-13
578,Meera,Mehta,Female,meera.mehta578@gmail.com,9308069581,Hyderabad,Rajasthan,India,2025-03-03
579,Meera,Patel,Female,meera.patel579@gmail.com,9957602437,Bengaluru,Tamil Nadu,India,2024-08-25
580,Nikhil,Verma,Female,nikhil.verma580@gmail.com,9972466572,Jaipur,Gujarat,India,2024-10-16
581,Aditya,Nair,Male,aditya.nair581@gmail.com,9232971674,Nagpur,Gujarat,India,2025-07-24
582,Vivaan,Sharma,Female,vivaan.sharma582@gmail.com,9452280156,Pune,Delhi,India,2024-08-20
583,Rahul,Mehta,Male,rahul.mehta583@gmail.com,9745508428,Jaipur,Rajasthan,India,2024-04-16
584,Vivaan,Nair,Female,vivaan.nair584@gmail.com,9119918081,Nashik,Rajasthan,India,2024-04-30
585,Priya,Kulkarni,Male,priya.kulkarni585@gmail.com,9478712552,Pune,Telangana,India,2024-07-25
586,Sahil,Deshmukh,Male,sahil.deshmukh586@gmail.com,9375482145,Chennai,Karnataka,India,2025-10-06
587,Ananya,Singh,Female,ananya.singh587@gmail.com,9326667850,Delhi,Gujarat,India,2026-02-27
588,Aarav,Mehta,Male,aarav.mehta588@gmail.com,9155626060,Nashik,Delhi,India,2024-02-29
589,Nikhil,Joshi,Female,nikhil.joshi589@gmail.com,9684550489,Nashik,Rajasthan,India,2025-02-17
590,Sahil,Verma,Female,sahil.verma590@gmail.com,9563410856,Nashik,Delhi,India,2025-07-07
591,Neha,Verma,Male,neha.verma591@gmail.com,9884852008,Jaipur,Karnataka,India,2024-09-04
592,Neha,Deshmukh,Male,neha.deshmukh592@gmail.com,9054851017,Hyderabad,Delhi,India,2026-01-24
593,Aarav,Nair,Female,aarav.nair593@gmail.com,9399893544,Jaipur,Rajasthan,India,2024-05-23
594,Pooja,Mehta,Male,pooja.mehta594@gmail.com,9158935712,Chennai,Telangana,India,2025-02-25
595,Aditya,Patel,Male,aditya.patel595@gmail.com,9627371586,Jaipur,Delhi,India,2025-06-15
596,Pooja,Joshi,Female,pooja.joshi596@gmail.com,9677622827,Delhi,Gujarat,India,2025-12-22
597,Nikhil,Mehta,Male,nikhil.mehta597@gmail.com,9377028519,Chennai,Maharashtra,India,2024-05-03
598,Amit,Kapoor,Female,amit.kapoor598@gmail.com,9082154544,Delhi,Maharashtra,India,2026-03-21
599,Rohan,Singh,Female,rohan.singh599@gmail.com,9044327018,Bengaluru,Maharashtra,India,2026-06-10
600,Vivaan,Deshmukh,Female,vivaan.deshmukh600@gmail.com,9949756792,Nashik,Delhi,India,2025-10-13
601,Sahil,Nair,Female,sahil.nair601@gmail.com,9251996636,Bengaluru,Delhi,India,2024-02-16
602,Sahil,Joshi,Male,sahil.joshi602@gmail.com,9209481813,Jaipur,Delhi,India,2025-08-13
603,Vivaan,Kapoor,Male,vivaan.kapoor603@gmail.com,9780182043,Nagpur,Telangana,India,2025-12-23
604,Aryan,Nair,Male,aryan.nair604@gmail.com,9895690705,Chennai,Gujarat,India,2025-02-28
605,Aarav,Mehta,Female,aarav.mehta605@gmail.com,9641118242,Nashik,Karnataka,India,2026-02-25
606,Aditya,Singh,Female,aditya.singh606@gmail.com,9620952004,Chennai,Maharashtra,India,2024-11-23
607,Rohan,Deshmukh,Female,rohan.deshmukh607@gmail.com,9461033993,Delhi,Delhi,India,2026-02-09
608,Nikhil,Deshmukh,Male,nikhil.deshmukh608@gmail.com,9405786170,Chennai,Rajasthan,India,2024-08-27
609,Aarav,Joshi,Male,aarav.joshi609@gmail.com,9382496718,Nagpur,Telangana,India,2024-05-25
610,Amit,Mehta,Male,amit.mehta610@gmail.com,9386870079,Hyderabad,Rajasthan,India,2024-06-20
611,Aarav,Sharma,Female,aarav.sharma611@gmail.com,9494653984,Mumbai,Gujarat,India,2026-01-26
612,Isha,Kapoor,Male,isha.kapoor612@gmail.com,9416128463,Jaipur,Delhi,India,2026-04-01
613,Karan,Kulkarni,Female,karan.kulkarni613@gmail.com,9743553795,Mumbai,Rajasthan,India,2024-05-16
614,Aarav,Kapoor,Female,aarav.kapoor614@gmail.com,9002687681,Pune,Delhi,India,2024-02-01
615,Sahil,Patel,Female,sahil.patel615@gmail.com,9695620175,Nagpur,Tamil Nadu,India,2024-01-10
616,Ananya,Sharma,Female,ananya.sharma616@gmail.com,9531943375,Mumbai,Karnataka,India,2025-05-19
617,Kavya,Verma,Male,kavya.verma617@gmail.com,9361498728,Nagpur,Rajasthan,India,2026-01-26
618,Aryan,Kapoor,Male,aryan.kapoor618@gmail.com,9192124938,Hyderabad,Gujarat,India,2026-05-18
619,Aarav,Mehta,Female,aarav.mehta619@gmail.com,9870605664,Pune,Rajasthan,India,2025-06-14
620,Sahil,Nair,Female,sahil.nair620@gmail.com,9803046875,Mumbai,Tamil Nadu,India,2024-07-18
621,Karan,Patel,Male,karan.patel621@gmail.com,9361332541,Pune,Maharashtra,India,2025-05-06
622,Vikram,Sharma,Female,vikram.sharma622@gmail.com,9431735058,Nagpur,Maharashtra,India,2026-03-05
623,Kavya,Kapoor,Female,kavya.kapoor623@gmail.com,9179110065,Pune,Telangana,India,2024-05-10
624,Vivaan,Nair,Male,vivaan.nair624@gmail.com,9496110804,Chennai,Tamil Nadu,India,2024-04-08
625,Kavya,Deshmukh,Male,kavya.deshmukh625@gmail.com,9990767699,Pune,Karnataka,India,2025-10-28
626,Aarav,Nair,Female,aarav.nair626@gmail.com,9931109193,Jaipur,Gujarat,India,2025-10-14
627,Nikhil,Joshi,Female,nikhil.joshi627@gmail.com,9679723200,Nashik,Karnataka,India,2025-08-21
628,Vikram,Mehta,Female,vikram.mehta628@gmail.com,9498227495,Hyderabad,Karnataka,India,2024-01-09
629,Nikhil,Kapoor,Male,nikhil.kapoor629@gmail.com,9038806533,Nagpur,Telangana,India,2024-03-11
630,Karan,Verma,Female,karan.verma630@gmail.com,9795995946,Bengaluru,Gujarat,India,2024-04-17
631,Sahil,Sharma,Female,sahil.sharma631@gmail.com,9303379337,Bengaluru,Telangana,India,2026-01-27
632,Pooja,Verma,Female,pooja.verma632@gmail.com,9205015081,Nashik,Karnataka,India,2025-03-26
633,Priya,Kapoor,Female,priya.kapoor633@gmail.com,9003342342,Bengaluru,Telangana,India,2025-07-21
634,Ananya,Singh,Male,ananya.singh634@gmail.com,9024102615,Nagpur,Karnataka,India,2025-04-12
635,Ananya,Kulkarni,Female,ananya.kulkarni635@gmail.com,9289611223,Nagpur,Delhi,India,2025-01-22
636,Amit,Kulkarni,Female,amit.kulkarni636@gmail.com,9309938425,Nagpur,Maharashtra,India,2025-10-06
637,Diya,Singh,Female,diya.singh637@gmail.com,9317912868,Bengaluru,Tamil Nadu,India,2025-06-15
638,Sahil,Singh,Female,sahil.singh638@gmail.com,9587774969,Mumbai,Gujarat,India,2024-08-12
639,Priya,Nair,Male,priya.nair639@gmail.com,9634669254,Ahmedabad,Maharashtra,India,2024-05-17
640,Aditya,Joshi,Female,aditya.joshi640@gmail.com,9853907895,Chennai,Tamil Nadu,India,2025-04-23
641,Vikram,Deshmukh,Female,vikram.deshmukh641@gmail.com,9754602734,Pune,Karnataka,India,2024-03-25
642,Neha,Mehta,Male,neha.mehta642@gmail.com,9431115083,Bengaluru,Gujarat,India,2025-11-22
643,Karan,Joshi,Female,karan.joshi643@gmail.com,9439284044,Bengaluru,Telangana,India,2025-02-17
644,Pooja,Kapoor,Male,pooja.kapoor644@gmail.com,9782633373,Ahmedabad,Delhi,India,2026-03-15
645,Isha,Nair,Female,isha.nair645@gmail.com,9515366377,Ahmedabad,Maharashtra,India,2025-01-18
646,Rohan,Kapoor,Male,rohan.kapoor646@gmail.com,9407553666,Ahmedabad,Karnataka,India,2024-11-29
647,Aryan,Sharma,Male,aryan.sharma647@gmail.com,9225999966,Nagpur,Tamil Nadu,India,2024-03-06
648,Isha,Deshmukh,Male,isha.deshmukh648@gmail.com,9715974121,Ahmedabad,Gujarat,India,2024-02-02
649,Kavya,Nair,Male,kavya.nair649@gmail.com,9231643348,Pune,Tamil Nadu,India,2024-02-28
650,Amit,Mehta,Male,amit.mehta650@gmail.com,9256621286,Delhi,Rajasthan,India,2024-03-11
651,Pooja,Verma,Male,pooja.verma651@gmail.com,9346729949,Nagpur,Delhi,India,2026-01-03
652,Sahil,Joshi,Male,sahil.joshi652@gmail.com,9027169385,Jaipur,Tamil Nadu,India,2025-04-16
653,Sahil,Kapoor,Male,sahil.kapoor653@gmail.com,9147546926,Nagpur,Gujarat,India,2025-09-24
654,Vikram,Nair,Female,vikram.nair654@gmail.com,9291603248,Hyderabad,Rajasthan,India,2024-03-09
655,Priya,Nair,Female,priya.nair655@gmail.com,9815118567,Nashik,Karnataka,India,2024-07-31
656,Nikhil,Sharma,Female,nikhil.sharma656@gmail.com,9017656360,Mumbai,Karnataka,India,2024-04-27
657,Rohan,Kulkarni,Female,rohan.kulkarni657@gmail.com,9771183727,Hyderabad,Telangana,India,2024-06-14
658,Sneha,Sharma,Male,sneha.sharma658@gmail.com,9241862104,Nashik,Tamil Nadu,India,2025-01-01
659,Sneha,Verma,Male,sneha.verma659@gmail.com,9837081647,Mumbai,Delhi,India,2024-01-05
660,Vivaan,Deshmukh,Male,vivaan.deshmukh660@gmail.com,9353310600,Bengaluru,Telangana,India,2024-07-15
661,Aditya,Verma,Male,aditya.verma661@gmail.com,9220681558,Nagpur,Delhi,India,2024-07-31
662,Isha,Deshmukh,Female,isha.deshmukh662@gmail.com,9133155206,Bengaluru,Maharashtra,India,2025-02-02
663,Priya,Nair,Male,priya.nair663@gmail.com,9149501364,Jaipur,Tamil Nadu,India,2024-04-14
664,Isha,Kapoor,Male,isha.kapoor664@gmail.com,9419562525,Delhi,Maharashtra,India,2024-12-09
665,Aarav,Kapoor,Female,aarav.kapoor665@gmail.com,9683890309,Pune,Karnataka,India,2024-08-30
666,Vikram,Verma,Male,vikram.verma666@gmail.com,9025743263,Mumbai,Gujarat,India,2026-01-12
667,Kavya,Nair,Female,kavya.nair667@gmail.com,9245086403,Bengaluru,Karnataka,India,2024-09-05
668,Priya,Mehta,Male,priya.mehta668@gmail.com,9339685270,Pune,Telangana,India,2025-05-18
669,Aditya,Verma,Male,aditya.verma669@gmail.com,9232129833,Ahmedabad,Maharashtra,India,2025-03-12
670,Sahil,Joshi,Male,sahil.joshi670@gmail.com,9336293449,Delhi,Rajasthan,India,2024-07-25
671,Diya,Nair,Male,diya.nair671@gmail.com,9566277689,Chennai,Telangana,India,2024-06-08
672,Meera,Sharma,Female,meera.sharma672@gmail.com,9614982824,Chennai,Tamil Nadu,India,2024-11-09
673,Sahil,Joshi,Female,sahil.joshi673@gmail.com,9897152732,Nagpur,Maharashtra,India,2024-01-14
674,Nikhil,Kulkarni,Female,nikhil.kulkarni674@gmail.com,9666567491,Chennai,Maharashtra,India,2024-05-07
675,Pooja,Kapoor,Male,pooja.kapoor675@gmail.com,9364587506,Chennai,Rajasthan,India,2024-09-09
676,Ananya,Nair,Male,ananya.nair676@gmail.com,9502497243,Jaipur,Delhi,India,2025-11-09
677,Sneha,Sharma,Male,sneha.sharma677@gmail.com,9166918362,Chennai,Karnataka,India,2025-12-09
678,Neha,Mehta,Female,neha.mehta678@gmail.com,9946119524,Nagpur,Rajasthan,India,2025-02-11
679,Neha,Sharma,Male,neha.sharma679@gmail.com,9701168646,Nashik,Gujarat,India,2025-01-18
680,Sneha,Singh,Male,sneha.singh680@gmail.com,9728179323,Mumbai,Rajasthan,India,2024-07-06
681,Priya,Joshi,Female,priya.joshi681@gmail.com,9791214161,Hyderabad,Maharashtra,India,2024-12-16
682,Aarav,Kapoor,Male,aarav.kapoor682@gmail.com,9771004090,Pune,Gujarat,India,2025-06-18
683,Aarav,Deshmukh,Female,aarav.deshmukh683@gmail.com,9775965555,Nagpur,Karnataka,India,2025-11-12
684,Pooja,Deshmukh,Male,pooja.deshmukh684@gmail.com,9551076209,Pune,Telangana,India,2025-06-27
685,Diya,Verma,Female,diya.verma685@gmail.com,9797863050,Bengaluru,Telangana,India,2024-02-16
686,Karan,Nair,Male,karan.nair686@gmail.com,9976915671,Chennai,Karnataka,India,2025-09-13
687,Priya,Singh,Male,priya.singh687@gmail.com,9271487271,Delhi,Rajasthan,India,2025-07-07
688,Ananya,Verma,Male,ananya.verma688@gmail.com,9211602564,Nagpur,Rajasthan,India,2024-09-20
689,Meera,Patel,Male,meera.patel689@gmail.com,9871539915,Chennai,Rajasthan,India,2026-01-30
690,Pooja,Mehta,Female,pooja.mehta690@gmail.com,9334141115,Jaipur,Gujarat,India,2026-02-01
691,Rahul,Kapoor,Female,rahul.kapoor691@gmail.com,9256904098,Nagpur,Telangana,India,2025-02-01
692,Vikram,Kulkarni,Female,vikram.kulkarni692@gmail.com,9289931608,Delhi,Karnataka,India,2024-05-28
693,Neha,Verma,Female,neha.verma693@gmail.com,9729420954,Ahmedabad,Rajasthan,India,2024-05-06
694,Diya,Kapoor,Female,diya.kapoor694@gmail.com,9374605233,Mumbai,Telangana,India,2026-03-05
695,Sneha,Nair,Female,sneha.nair695@gmail.com,9420865675,Chennai,Tamil Nadu,India,2024-03-14
696,Nikhil,Joshi,Female,nikhil.joshi696@gmail.com,9386125904,Delhi,Rajasthan,India,2024-06-16
697,Aryan,Singh,Female,aryan.singh697@gmail.com,9742333059,Pune,Rajasthan,India,2026-03-15
698,Rohan,Deshmukh,Female,rohan.deshmukh698@gmail.com,9201572018,Bengaluru,Delhi,India,2025-03-20
699,Rohan,Deshmukh,Male,rohan.deshmukh699@gmail.com,9013674926,Pune,Telangana,India,2025-04-19
700,Pooja,Joshi,Female,pooja.joshi700@gmail.com,9501111783,Mumbai,Delhi,India,2025-08-09
701,Aryan,Nair,Female,aryan.nair701@gmail.com,9192676492,Pune,Karnataka,India,2024-03-06
702,Isha,Singh,Female,isha.singh702@gmail.com,9068887189,Ahmedabad,Rajasthan,India,2026-04-18
703,Rahul,Verma,Male,rahul.verma703@gmail.com,9292087510,Nashik,Delhi,India,2024-07-30
704,Sneha,Patel,Female,sneha.patel704@gmail.com,9011845826,Mumbai,Gujarat,India,2024-11-03
705,Vivaan,Mehta,Female,vivaan.mehta705@gmail.com,9872975859,Ahmedabad,Delhi,India,2024-08-02
706,Rahul,Sharma,Male,rahul.sharma706@gmail.com,9032432983,Jaipur,Karnataka,India,2024-10-11
707,Rohan,Kapoor,Female,rohan.kapoor707@gmail.com,9184462671,Hyderabad,Rajasthan,India,2025-03-11
708,Rohan,Mehta,Male,rohan.mehta708@gmail.com,9143598926,Nashik,Karnataka,India,2026-03-17
709,Vikram,Deshmukh,Male,vikram.deshmukh709@gmail.com,9931418186,Pune,Karnataka,India,2025-10-17
710,Aditya,Kulkarni,Female,aditya.kulkarni710@gmail.com,9423401636,Pune,Telangana,India,2024-05-06
711,Sneha,Mehta,Female,sneha.mehta711@gmail.com,9971859484,Jaipur,Maharashtra,India,2024-02-19
712,Sneha,Kulkarni,Female,sneha.kulkarni712@gmail.com,9258896792,Hyderabad,Maharashtra,India,2025-12-04
713,Nikhil,Singh,Male,nikhil.singh713@gmail.com,9269405396,Delhi,Gujarat,India,2025-03-25
714,Amit,Nair,Female,amit.nair714@gmail.com,9468341465,Pune,Rajasthan,India,2024-03-22
715,Aditya,Verma,Male,aditya.verma715@gmail.com,9290148706,Ahmedabad,Rajasthan,India,2024-05-19
716,Meera,Nair,Male,meera.nair716@gmail.com,9609306853,Ahmedabad,Rajasthan,India,2025-09-15
717,Vivaan,Kapoor,Female,vivaan.kapoor717@gmail.com,9283215285,Mumbai,Tamil Nadu,India,2025-05-22
718,Pooja,Singh,Female,pooja.singh718@gmail.com,9153814474,Hyderabad,Gujarat,India,2024-01-03
719,Aryan,Deshmukh,Male,aryan.deshmukh719@gmail.com,9480797050,Jaipur,Tamil Nadu,India,2024-12-02
720,Neha,Kulkarni,Male,neha.kulkarni720@gmail.com,9052650167,Nagpur,Maharashtra,India,2025-06-25
721,Nikhil,Singh,Female,nikhil.singh721@gmail.com,9170243765,Hyderabad,Karnataka,India,2025-03-14
722,Sneha,Mehta,Female,sneha.mehta722@gmail.com,9177225605,Nagpur,Maharashtra,India,2024-07-13
723,Neha,Sharma,Male,neha.sharma723@gmail.com,9665023741,Chennai,Tamil Nadu,India,2025-07-17
724,Meera,Singh,Female,meera.singh724@gmail.com,9686211022,Bengaluru,Delhi,India,2024-01-14
725,Ananya,Sharma,Female,ananya.sharma725@gmail.com,9690674471,Chennai,Gujarat,India,2025-09-24
726,Rohan,Mehta,Male,rohan.mehta726@gmail.com,9341436371,Ahmedabad,Delhi,India,2024-07-04
727,Priya,Kapoor,Male,priya.kapoor727@gmail.com,9312604326,Mumbai,Delhi,India,2024-07-23
728,Aditya,Sharma,Female,aditya.sharma728@gmail.com,9684335670,Ahmedabad,Tamil Nadu,India,2025-10-21
729,Vivaan,Joshi,Male,vivaan.joshi729@gmail.com,9454563502,Mumbai,Maharashtra,India,2024-02-23
730,Karan,Verma,Female,karan.verma730@gmail.com,9749162475,Bengaluru,Karnataka,India,2024-04-24
731,Rahul,Sharma,Male,rahul.sharma731@gmail.com,9555989534,Nagpur,Delhi,India,2025-01-28
732,Aditya,Patel,Male,aditya.patel732@gmail.com,9910933711,Ahmedabad,Delhi,India,2024-12-17
733,Neha,Nair,Male,neha.nair733@gmail.com,9820236848,Bengaluru,Karnataka,India,2025-04-04
734,Rahul,Deshmukh,Male,rahul.deshmukh734@gmail.com,9768802942,Hyderabad,Maharashtra,India,2025-08-02
735,Vivaan,Verma,Female,vivaan.verma735@gmail.com,9788127868,Chennai,Tamil Nadu,India,2025-09-13
736,Diya,Verma,Male,diya.verma736@gmail.com,9029390878,Ahmedabad,Karnataka,India,2024-11-06
737,Ananya,Joshi,Female,ananya.joshi737@gmail.com,9812308340,Nashik,Karnataka,India,2024-05-16
738,Diya,Sharma,Male,diya.sharma738@gmail.com,9381059551,Ahmedabad,Karnataka,India,2026-01-09
739,Rohan,Deshmukh,Female,rohan.deshmukh739@gmail.com,9500534240,Ahmedabad,Rajasthan,India,2026-06-07
740,Aryan,Patel,Female,aryan.patel740@gmail.com,9498373543,Jaipur,Rajasthan,India,2026-04-07
741,Pooja,Singh,Female,pooja.singh741@gmail.com,9365271727,Nashik,Telangana,India,2026-06-02
742,Sneha,Verma,Female,sneha.verma742@gmail.com,9240422693,Pune,Gujarat,India,2024-03-14
743,Vikram,Verma,Female,vikram.verma743@gmail.com,9618209166,Mumbai,Maharashtra,India,2026-04-26
744,Aarav,Sharma,Male,aarav.sharma744@gmail.com,9314290018,Bengaluru,Telangana,India,2025-12-25
745,Aditya,Verma,Male,aditya.verma745@gmail.com,9797245723,Mumbai,Delhi,India,2025-12-09
746,Diya,Mehta,Male,diya.mehta746@gmail.com,9001841862,Mumbai,Gujarat,India,2024-01-25
747,Ananya,Deshmukh,Female,ananya.deshmukh747@gmail.com,9254361721,Nagpur,Maharashtra,India,2024-10-15
748,Amit,Patel,Female,amit.patel748@gmail.com,9151092268,Bengaluru,Delhi,India,2024-07-04
749,Vikram,Singh,Female,vikram.singh749@gmail.com,9945147541,Mumbai,Telangana,India,2024-06-01
750,Rohan,Kulkarni,Male,rohan.kulkarni750@gmail.com,9677119642,Pune,Karnataka,India,2024-05-10
751,Sneha,Deshmukh,Female,sneha.deshmukh751@gmail.com,9576769523,Chennai,Tamil Nadu,India,2025-07-16
752,Meera,Mehta,Female,meera.mehta752@gmail.com,9883619689,Nagpur,Rajasthan,India,2024-03-30
753,Ananya,Kulkarni,Male,ananya.kulkarni753@gmail.com,9305872105,Bengaluru,Telangana,India,2026-05-19
754,Rohan,Joshi,Female,rohan.joshi754@gmail.com,9286333021,Nashik,Tamil Nadu,India,2026-01-20
755,Aarav,Deshmukh,Female,aarav.deshmukh755@gmail.com,9019179202,Bengaluru,Gujarat,India,2024-03-21
756,Ananya,Patel,Male,ananya.patel756@gmail.com,9962272847,Chennai,Rajasthan,India,2024-12-11
757,Sahil,Sharma,Female,sahil.sharma757@gmail.com,9120092820,Chennai,Telangana,India,2025-03-09
758,Sahil,Mehta,Female,sahil.mehta758@gmail.com,9984362418,Chennai,Gujarat,India,2026-01-30
759,Priya,Deshmukh,Male,priya.deshmukh759@gmail.com,9362891775,Chennai,Telangana,India,2025-01-24
760,Sneha,Sharma,Female,sneha.sharma760@gmail.com,9634111595,Mumbai,Gujarat,India,2024-10-15
761,Sneha,Mehta,Male,sneha.mehta761@gmail.com,9139043830,Nagpur,Karnataka,India,2024-03-28
762,Aryan,Kapoor,Male,aryan.kapoor762@gmail.com,9970051405,Hyderabad,Tamil Nadu,India,2025-05-27
763,Priya,Kulkarni,Female,priya.kulkarni763@gmail.com,9521568182,Mumbai,Delhi,India,2026-03-26
764,Pooja,Nair,Male,pooja.nair764@gmail.com,9422711332,Nashik,Delhi,India,2025-06-12
765,Kavya,Mehta,Female,kavya.mehta765@gmail.com,9725459606,Nagpur,Gujarat,India,2025-09-17
766,Kavya,Patel,Male,kavya.patel766@gmail.com,9971024817,Pune,Tamil Nadu,India,2024-11-17
767,Sneha,Joshi,Male,sneha.joshi767@gmail.com,9149551127,Hyderabad,Tamil Nadu,India,2024-09-19
768,Sahil,Singh,Male,sahil.singh768@gmail.com,9970546692,Delhi,Karnataka,India,2025-06-08
769,Kavya,Kulkarni,Female,kavya.kulkarni769@gmail.com,9168740903,Ahmedabad,Maharashtra,India,2024-06-07
770,Rahul,Joshi,Female,rahul.joshi770@gmail.com,9296136715,Delhi,Tamil Nadu,India,2025-10-19
771,Isha,Nair,Male,isha.nair771@gmail.com,9121663651,Bengaluru,Karnataka,India,2025-09-10
772,Meera,Verma,Female,meera.verma772@gmail.com,9147082723,Bengaluru,Delhi,India,2024-02-02
773,Kavya,Deshmukh,Male,kavya.deshmukh773@gmail.com,9567303064,Hyderabad,Rajasthan,India,2024-06-29
774,Aditya,Singh,Male,aditya.singh774@gmail.com,9461476834,Nashik,Telangana,India,2024-02-25
775,Aditya,Deshmukh,Female,aditya.deshmukh775@gmail.com,9423567782,Chennai,Karnataka,India,2025-12-10
776,Aryan,Deshmukh,Male,aryan.deshmukh776@gmail.com,9893199255,Mumbai,Gujarat,India,2025-04-14
777,Rohan,Nair,Female,rohan.nair777@gmail.com,9164807279,Pune,Maharashtra,India,2024-08-11
778,Priya,Deshmukh,Male,priya.deshmukh778@gmail.com,9963533905,Bengaluru,Maharashtra,India,2024-11-05
779,Neha,Mehta,Male,neha.mehta779@gmail.com,9776655868,Bengaluru,Maharashtra,India,2024-06-29
780,Sahil,Deshmukh,Female,sahil.deshmukh780@gmail.com,9289286646,Hyderabad,Rajasthan,India,2025-09-27
781,Rahul,Patel,Male,rahul.patel781@gmail.com,9109617981,Delhi,Delhi,India,2025-08-18
782,Vivaan,Joshi,Female,vivaan.joshi782@gmail.com,9337861371,Bengaluru,Telangana,India,2025-04-20
783,Vikram,Deshmukh,Male,vikram.deshmukh783@gmail.com,9538444463,Mumbai,Tamil Nadu,India,2024-02-03
784,Aarav,Sharma,Male,aarav.sharma784@gmail.com,9589552963,Ahmedabad,Tamil Nadu,India,2024-07-16
785,Kavya,Deshmukh,Male,kavya.deshmukh785@gmail.com,9962626582,Chennai,Gujarat,India,2024-04-11
786,Rohan,Mehta,Male,rohan.mehta786@gmail.com,9964825311,Mumbai,Tamil Nadu,India,2024-01-12
787,Aryan,Singh,Male,aryan.singh787@gmail.com,9981960275,Nashik,Gujarat,India,2025-10-30
788,Ananya,Joshi,Male,ananya.joshi788@gmail.com,9836404120,Jaipur,Telangana,India,2024-04-15
789,Rahul,Nair,Male,rahul.nair789@gmail.com,9124421175,Nagpur,Tamil Nadu,India,2024-04-13
790,Meera,Sharma,Female,meera.sharma790@gmail.com,9171366572,Nashik,Karnataka,India,2024-01-11
791,Sneha,Kapoor,Male,sneha.kapoor791@gmail.com,9155799802,Ahmedabad,Rajasthan,India,2024-09-17
792,Rahul,Verma,Male,rahul.verma792@gmail.com,9808823513,Mumbai,Karnataka,India,2024-05-21
793,Ananya,Patel,Male,ananya.patel793@gmail.com,9447315847,Delhi,Tamil Nadu,India,2025-06-08
794,Pooja,Verma,Female,pooja.verma794@gmail.com,9234619942,Nagpur,Rajasthan,India,2025-05-14
795,Vikram,Nair,Female,vikram.nair795@gmail.com,9945919663,Jaipur,Karnataka,India,2025-01-17
796,Aditya,Nair,Male,aditya.nair796@gmail.com,9084964985,Chennai,Maharashtra,India,2024-04-27
797,Sneha,Kulkarni,Female,sneha.kulkarni797@gmail.com,9253135525,Pune,Maharashtra,India,2024-11-22
798,Aarav,Kulkarni,Male,aarav.kulkarni798@gmail.com,9795381649,Nagpur,Delhi,India,2024-08-10
799,Rahul,Mehta,Female,rahul.mehta799@gmail.com,9919665533,Mumbai,Telangana,India,2025-05-20
800,Meera,Sharma,Female,meera.sharma800@gmail.com,9611729596,Nagpur,Delhi,India,2024-01-22
801,Neha,Sharma,Male,neha.sharma801@gmail.com,9742608805,Mumbai,Maharashtra,India,2025-04-26
802,Rahul,Deshmukh,Female,rahul.deshmukh802@gmail.com,9455618579,Mumbai,Tamil Nadu,India,2024-11-01
803,Sahil,Nair,Male,sahil.nair803@gmail.com,9591030021,Bengaluru,Telangana,India,2025-12-05
804,Vikram,Verma,Male,vikram.verma804@gmail.com,9135800401,Mumbai,Karnataka,India,2024-03-17
805,Diya,Kulkarni,Female,diya.kulkarni805@gmail.com,9422971252,Jaipur,Telangana,India,2025-02-27
806,Sahil,Patel,Male,sahil.patel806@gmail.com,9977457314,Hyderabad,Rajasthan,India,2024-03-25
807,Amit,Mehta,Male,amit.mehta807@gmail.com,9311703037,Chennai,Gujarat,India,2025-05-14
808,Rahul,Kulkarni,Male,rahul.kulkarni808@gmail.com,9988547281,Nashik,Gujarat,India,2025-01-07
809,Pooja,Nair,Male,pooja.nair809@gmail.com,9631462491,Nashik,Tamil Nadu,India,2026-06-16
810,Rahul,Patel,Male,rahul.patel810@gmail.com,9072407875,Hyderabad,Maharashtra,India,2025-07-17
811,Aditya,Kulkarni,Female,aditya.kulkarni811@gmail.com,9326868507,Hyderabad,Karnataka,India,2024-04-10
812,Vivaan,Deshmukh,Female,vivaan.deshmukh812@gmail.com,9343629489,Delhi,Delhi,India,2025-03-19
813,Rahul,Sharma,Male,rahul.sharma813@gmail.com,9131009431,Ahmedabad,Maharashtra,India,2024-10-09
814,Ananya,Kapoor,Female,ananya.kapoor814@gmail.com,9661347323,Bengaluru,Rajasthan,India,2024-10-21
815,Kavya,Joshi,Male,kavya.joshi815@gmail.com,9128974325,Pune,Gujarat,India,2024-07-10
816,Karan,Nair,Male,karan.nair816@gmail.com,9076502412,Mumbai,Delhi,India,2024-12-26
817,Meera,Kapoor,Male,meera.kapoor817@gmail.com,9737100943,Ahmedabad,Delhi,India,2024-06-20
818,Rohan,Patel,Male,rohan.patel818@gmail.com,9457758474,Bengaluru,Tamil Nadu,India,2024-01-14
819,Amit,Joshi,Female,amit.joshi819@gmail.com,9897148026,Nagpur,Rajasthan,India,2024-05-25
820,Amit,Nair,Male,amit.nair820@gmail.com,9396531361,Hyderabad,Rajasthan,India,2025-11-26
821,Isha,Nair,Male,isha.nair821@gmail.com,9455696443,Mumbai,Delhi,India,2025-06-16
822,Karan,Kapoor,Male,karan.kapoor822@gmail.com,9679541072,Delhi,Rajasthan,India,2024-06-02
823,Nikhil,Joshi,Male,nikhil.joshi823@gmail.com,9474140703,Hyderabad,Telangana,India,2025-08-30
824,Rahul,Sharma,Female,rahul.sharma824@gmail.com,9406500425,Hyderabad,Telangana,India,2026-05-29
825,Nikhil,Mehta,Male,nikhil.mehta825@gmail.com,9142369143,Mumbai,Tamil Nadu,India,2024-12-29
826,Ananya,Deshmukh,Female,ananya.deshmukh826@gmail.com,9614494296,Bengaluru,Telangana,India,2025-08-15
827,Rohan,Verma,Female,rohan.verma827@gmail.com,9268344149,Delhi,Delhi,India,2024-07-06
828,Pooja,Deshmukh,Male,pooja.deshmukh828@gmail.com,9287585756,Delhi,Tamil Nadu,India,2025-02-24
829,Sahil,Sharma,Male,sahil.sharma829@gmail.com,9612943985,Nashik,Delhi,India,2025-07-10
830,Aryan,Joshi,Male,aryan.joshi830@gmail.com,9626078701,Mumbai,Karnataka,India,2026-04-29
831,Rahul,Kulkarni,Male,rahul.kulkarni831@gmail.com,9497501980,Nagpur,Delhi,India,2024-05-27
832,Isha,Nair,Male,isha.nair832@gmail.com,9324407931,Pune,Maharashtra,India,2024-06-05
833,Kavya,Patel,Male,kavya.patel833@gmail.com,9331708760,Pune,Karnataka,India,2025-02-18
834,Meera,Singh,Male,meera.singh834@gmail.com,9849791620,Nashik,Gujarat,India,2026-04-18
835,Ananya,Singh,Male,ananya.singh835@gmail.com,9774419754,Chennai,Tamil Nadu,India,2025-12-15
836,Rahul,Nair,Female,rahul.nair836@gmail.com,9620471960,Jaipur,Karnataka,India,2024-02-04
837,Kavya,Nair,Male,kavya.nair837@gmail.com,9527740258,Ahmedabad,Gujarat,India,2024-12-23
838,Nikhil,Deshmukh,Male,nikhil.deshmukh838@gmail.com,9225957244,Chennai,Maharashtra,India,2026-05-09
839,Meera,Deshmukh,Female,meera.deshmukh839@gmail.com,9929884259,Jaipur,Karnataka,India,2025-08-21
840,Kavya,Deshmukh,Male,kavya.deshmukh840@gmail.com,9002311775,Nagpur,Telangana,India,2026-04-07
841,Ananya,Patel,Male,ananya.patel841@gmail.com,9661094101,Delhi,Telangana,India,2025-01-18
842,Kavya,Sharma,Male,kavya.sharma842@gmail.com,9517629833,Hyderabad,Tamil Nadu,India,2025-03-24
843,Neha,Verma,Male,neha.verma843@gmail.com,9268319013,Mumbai,Telangana,India,2024-05-23
844,Aarav,Kulkarni,Female,aarav.kulkarni844@gmail.com,9981528733,Jaipur,Telangana,India,2025-04-30
845,Nikhil,Kulkarni,Female,nikhil.kulkarni845@gmail.com,9982176619,Pune,Gujarat,India,2026-03-12
846,Nikhil,Joshi,Male,nikhil.joshi846@gmail.com,9173098503,Hyderabad,Telangana,India,2024-09-14
847,Pooja,Kulkarni,Male,pooja.kulkarni847@gmail.com,9241893898,Hyderabad,Tamil Nadu,India,2025-09-25
848,Vivaan,Mehta,Male,vivaan.mehta848@gmail.com,9974005643,Bengaluru,Telangana,India,2024-03-01
849,Rohan,Verma,Female,rohan.verma849@gmail.com,9037199051,Chennai,Delhi,India,2026-01-27
850,Kavya,Patel,Female,kavya.patel850@gmail.com,9240107835,Chennai,Tamil Nadu,India,2024-11-06
851,Ananya,Sharma,Male,ananya.sharma851@gmail.com,9038960870,Chennai,Telangana,India,2025-01-21
852,Rohan,Deshmukh,Female,rohan.deshmukh852@gmail.com,9821719553,Bengaluru,Tamil Nadu,India,2024-02-29
853,Ananya,Verma,Male,ananya.verma853@gmail.com,9903689003,Mumbai,Maharashtra,India,2024-02-28
854,Rohan,Nair,Male,rohan.nair854@gmail.com,9405593429,Chennai,Tamil Nadu,India,2025-11-04
855,Rahul,Patel,Male,rahul.patel855@gmail.com,9483753745,Ahmedabad,Karnataka,India,2026-06-08
856,Ananya,Mehta,Female,ananya.mehta856@gmail.com,9588105697,Hyderabad,Maharashtra,India,2024-07-27
857,Rohan,Mehta,Male,rohan.mehta857@gmail.com,9483152037,Delhi,Maharashtra,India,2024-01-22
858,Meera,Sharma,Female,meera.sharma858@gmail.com,9496410496,Delhi,Maharashtra,India,2026-06-02
859,Pooja,Deshmukh,Female,pooja.deshmukh859@gmail.com,9033626804,Mumbai,Delhi,India,2026-02-20
860,Amit,Sharma,Female,amit.sharma860@gmail.com,9493059660,Pune,Delhi,India,2025-02-01
861,Neha,Mehta,Female,neha.mehta861@gmail.com,9699842673,Nashik,Maharashtra,India,2024-10-14
862,Diya,Patel,Male,diya.patel862@gmail.com,9845960945,Hyderabad,Rajasthan,India,2024-09-13
863,Kavya,Sharma,Male,kavya.sharma863@gmail.com,9495427707,Mumbai,Tamil Nadu,India,2024-02-07
864,Amit,Nair,Male,amit.nair864@gmail.com,9609149851,Delhi,Gujarat,India,2024-09-21
865,Diya,Joshi,Female,diya.joshi865@gmail.com,9232290310,Nashik,Rajasthan,India,2025-06-02
866,Sahil,Kapoor,Female,sahil.kapoor866@gmail.com,9083044058,Mumbai,Delhi,India,2024-08-28
867,Amit,Patel,Male,amit.patel867@gmail.com,9871813359,Bengaluru,Telangana,India,2026-04-22
868,Vikram,Patel,Female,vikram.patel868@gmail.com,9420595565,Delhi,Karnataka,India,2025-09-28
869,Aarav,Singh,Female,aarav.singh869@gmail.com,9042901935,Ahmedabad,Rajasthan,India,2026-03-10
870,Nikhil,Kapoor,Female,nikhil.kapoor870@gmail.com,9369026113,Jaipur,Delhi,India,2025-08-11
871,Isha,Deshmukh,Male,isha.deshmukh871@gmail.com,9809788754,Nagpur,Telangana,India,2025-08-12
872,Neha,Verma,Female,neha.verma872@gmail.com,9353751376,Bengaluru,Maharashtra,India,2024-12-26
873,Isha,Mehta,Male,isha.mehta873@gmail.com,9579376392,Ahmedabad,Gujarat,India,2026-03-06
874,Vikram,Kapoor,Male,vikram.kapoor874@gmail.com,9944551166,Ahmedabad,Gujarat,India,2025-08-12
875,Meera,Verma,Male,meera.verma875@gmail.com,9702164871,Nashik,Telangana,India,2024-02-04
876,Vikram,Sharma,Male,vikram.sharma876@gmail.com,9128866526,Ahmedabad,Gujarat,India,2025-12-30
877,Neha,Patel,Female,neha.patel877@gmail.com,9599910157,Chennai,Rajasthan,India,2025-04-05
878,Vikram,Joshi,Female,vikram.joshi878@gmail.com,9229812099,Bengaluru,Rajasthan,India,2025-10-26
879,Sahil,Deshmukh,Female,sahil.deshmukh879@gmail.com,9728941347,Bengaluru,Maharashtra,India,2025-07-31
880,Nikhil,Mehta,Female,nikhil.mehta880@gmail.com,9456522036,Ahmedabad,Karnataka,India,2025-08-11
881,Kavya,Kulkarni,Male,kavya.kulkarni881@gmail.com,9542144773,Nashik,Karnataka,India,2024-09-22
882,Kavya,Patel,Male,kavya.patel882@gmail.com,9421388209,Mumbai,Delhi,India,2025-07-04
883,Priya,Sharma,Female,priya.sharma883@gmail.com,9053496782,Delhi,Karnataka,India,2024-04-22
884,Rahul,Nair,Female,rahul.nair884@gmail.com,9741241513,Pune,Karnataka,India,2024-06-09
885,Nikhil,Kulkarni,Female,nikhil.kulkarni885@gmail.com,9781506185,Nagpur,Telangana,India,2025-07-25
886,Vivaan,Sharma,Male,vivaan.sharma886@gmail.com,9296334727,Nashik,Rajasthan,India,2025-05-23
887,Neha,Singh,Male,neha.singh887@gmail.com,9183061789,Nagpur,Rajasthan,India,2024-07-01
888,Vivaan,Deshmukh,Female,vivaan.deshmukh888@gmail.com,9969357824,Nagpur,Karnataka,India,2025-11-15
889,Meera,Nair,Female,meera.nair889@gmail.com,9958741314,Chennai,Tamil Nadu,India,2024-11-29
890,Ananya,Deshmukh,Male,ananya.deshmukh890@gmail.com,9275156277,Jaipur,Tamil Nadu,India,2025-12-04
891,Ananya,Sharma,Female,ananya.sharma891@gmail.com,9483608545,Chennai,Tamil Nadu,India,2026-04-08
892,Sahil,Deshmukh,Female,sahil.deshmukh892@gmail.com,9404735047,Chennai,Gujarat,India,2025-08-09
893,Sneha,Mehta,Male,sneha.mehta893@gmail.com,9199529800,Chennai,Maharashtra,India,2026-03-10
894,Karan,Kulkarni,Male,karan.kulkarni894@gmail.com,9083583286,Nagpur,Karnataka,India,2026-03-31
895,Sneha,Kulkarni,Female,sneha.kulkarni895@gmail.com,9638300081,Ahmedabad,Tamil Nadu,India,2026-03-21
896,Meera,Sharma,Male,meera.sharma896@gmail.com,9440330416,Chennai,Gujarat,India,2026-04-17
897,Diya,Patel,Male,diya.patel897@gmail.com,9186008921,Jaipur,Telangana,India,2025-02-04
898,Priya,Kapoor,Female,priya.kapoor898@gmail.com,9568044731,Hyderabad,Rajasthan,India,2025-08-13
899,Meera,Deshmukh,Female,meera.deshmukh899@gmail.com,9613684748,Ahmedabad,Gujarat,India,2025-01-26
900,Aarav,Nair,Female,aarav.nair900@gmail.com,9581739063,Delhi,Karnataka,India,2025-05-03
901,Aryan,Patel,Female,aryan.patel901@gmail.com,9521182379,Nagpur,Maharashtra,India,2024-05-24
902,Pooja,Kapoor,Female,pooja.kapoor902@gmail.com,9893074645,Nashik,Maharashtra,India,2024-11-25
903,Aryan,Kapoor,Female,aryan.kapoor903@gmail.com,9043878753,Bengaluru,Tamil Nadu,India,2025-12-26
904,Meera,Mehta,Male,meera.mehta904@gmail.com,9161620281,Nashik,Gujarat,India,2025-03-24
905,Rahul,Sharma,Female,rahul.sharma905@gmail.com,9728728660,Hyderabad,Maharashtra,India,2025-03-21
906,Neha,Joshi,Female,neha.joshi906@gmail.com,9959224839,Bengaluru,Delhi,India,2025-09-11
907,Diya,Nair,Female,diya.nair907@gmail.com,9352287056,Nashik,Gujarat,India,2025-04-26
908,Aditya,Sharma,Female,aditya.sharma908@gmail.com,9331875109,Delhi,Delhi,India,2024-06-09
909,Aditya,Kulkarni,Male,aditya.kulkarni909@gmail.com,9503446945,Jaipur,Telangana,India,2025-02-16
910,Diya,Mehta,Male,diya.mehta910@gmail.com,9192134249,Pune,Gujarat,India,2026-03-27
911,Nikhil,Kapoor,Female,nikhil.kapoor911@gmail.com,9599949732,Mumbai,Telangana,India,2024-08-25
912,Priya,Patel,Male,priya.patel912@gmail.com,9227051028,Delhi,Tamil Nadu,India,2025-11-11
913,Meera,Kulkarni,Female,meera.kulkarni913@gmail.com,9813866675,Hyderabad,Telangana,India,2025-06-18
914,Karan,Mehta,Male,karan.mehta914@gmail.com,9932426877,Hyderabad,Rajasthan,India,2024-05-03
915,Isha,Deshmukh,Female,isha.deshmukh915@gmail.com,9205756398,Nagpur,Tamil Nadu,India,2025-01-18
916,Sneha,Sharma,Male,sneha.sharma916@gmail.com,9758309451,Bengaluru,Karnataka,India,2025-05-29
917,Aarav,Kapoor,Female,aarav.kapoor917@gmail.com,9047604409,Mumbai,Telangana,India,2026-01-05
918,Meera,Kapoor,Female,meera.kapoor918@gmail.com,9727810509,Nashik,Rajasthan,India,2026-01-23
919,Sneha,Singh,Male,sneha.singh919@gmail.com,9610705184,Nagpur,Rajasthan,India,2025-09-20
920,Aarav,Kulkarni,Female,aarav.kulkarni920@gmail.com,9295806601,Nagpur,Telangana,India,2026-02-18
921,Nikhil,Singh,Female,nikhil.singh921@gmail.com,9127049386,Nashik,Rajasthan,India,2026-02-03
922,Aarav,Joshi,Female,aarav.joshi922@gmail.com,9851579197,Pune,Maharashtra,India,2024-04-02
923,Sneha,Patel,Male,sneha.patel923@gmail.com,9590203571,Nagpur,Karnataka,India,2026-05-07
924,Priya,Singh,Female,priya.singh924@gmail.com,9064242956,Nagpur,Telangana,India,2024-07-11
925,Diya,Verma,Male,diya.verma925@gmail.com,9447417595,Bengaluru,Telangana,India,2025-10-19
926,Nikhil,Nair,Male,nikhil.nair926@gmail.com,9096289365,Hyderabad,Gujarat,India,2024-12-16
927,Nikhil,Mehta,Female,nikhil.mehta927@gmail.com,9183437401,Ahmedabad,Rajasthan,India,2025-10-08
928,Sneha,Nair,Male,sneha.nair928@gmail.com,9795596905,Pune,Rajasthan,India,2025-01-02
929,Aarav,Singh,Female,aarav.singh929@gmail.com,9755125427,Ahmedabad,Gujarat,India,2026-02-09
930,Aarav,Nair,Female,aarav.nair930@gmail.com,9996673459,Bengaluru,Tamil Nadu,India,2025-11-25
931,Pooja,Joshi,Male,pooja.joshi931@gmail.com,9381664969,Mumbai,Gujarat,India,2025-06-08
932,Sneha,Joshi,Male,sneha.joshi932@gmail.com,9922501425,Delhi,Tamil Nadu,India,2024-06-18
933,Sahil,Sharma,Male,sahil.sharma933@gmail.com,9324412336,Pune,Rajasthan,India,2024-09-07
934,Rohan,Mehta,Female,rohan.mehta934@gmail.com,9072517863,Delhi,Rajasthan,India,2025-01-20
935,Sahil,Verma,Male,sahil.verma935@gmail.com,9625265469,Chennai,Delhi,India,2024-03-14
936,Amit,Nair,Male,amit.nair936@gmail.com,9392355580,Jaipur,Delhi,India,2026-02-08
937,Pooja,Patel,Male,pooja.patel937@gmail.com,9273034615,Chennai,Rajasthan,India,2024-07-03
938,Vikram,Singh,Female,vikram.singh938@gmail.com,9467046226,Ahmedabad,Telangana,India,2024-04-18
939,Sahil,Patel,Female,sahil.patel939@gmail.com,9160252986,Delhi,Maharashtra,India,2025-05-12
940,Pooja,Deshmukh,Male,pooja.deshmukh940@gmail.com,9464197857,Bengaluru,Telangana,India,2025-07-01
941,Amit,Patel,Male,amit.patel941@gmail.com,9686120594,Nagpur,Delhi,India,2026-04-12
942,Kavya,Nair,Female,kavya.nair942@gmail.com,9074017750,Jaipur,Rajasthan,India,2025-01-13
943,Diya,Deshmukh,Female,diya.deshmukh943@gmail.com,9408424560,Delhi,Karnataka,India,2024-10-31
944,Vivaan,Kapoor,Male,vivaan.kapoor944@gmail.com,9508632181,Nashik,Rajasthan,India,2024-05-28
945,Meera,Deshmukh,Female,meera.deshmukh945@gmail.com,9579389701,Bengaluru,Karnataka,India,2024-02-09
946,Rohan,Kapoor,Male,rohan.kapoor946@gmail.com,9681546602,Hyderabad,Rajasthan,India,2025-10-30
947,Aditya,Deshmukh,Male,aditya.deshmukh947@gmail.com,9394498830,Bengaluru,Delhi,India,2025-04-29
948,Priya,Deshmukh,Female,priya.deshmukh948@gmail.com,9248096244,Mumbai,Tamil Nadu,India,2024-07-31
949,Aarav,Deshmukh,Male,aarav.deshmukh949@gmail.com,9447951330,Bengaluru,Gujarat,India,2024-03-06
950,Kavya,Joshi,Female,kavya.joshi950@gmail.com,9969586780,Bengaluru,Karnataka,India,2024-11-23
951,Amit,Nair,Male,amit.nair951@gmail.com,9773826460,Jaipur,Maharashtra,India,2025-10-08
952,Meera,Mehta,Female,meera.mehta952@gmail.com,9138544577,Mumbai,Gujarat,India,2025-10-01
953,Aryan,Singh,Female,aryan.singh953@gmail.com,9966048736,Ahmedabad,Gujarat,India,2025-01-22
954,Kavya,Patel,Male,kavya.patel954@gmail.com,9633194226,Ahmedabad,Tamil Nadu,India,2024-12-26
955,Priya,Deshmukh,Female,priya.deshmukh955@gmail.com,9551588863,Chennai,Tamil Nadu,India,2026-02-13
956,Sahil,Joshi,Female,sahil.joshi956@gmail.com,9226408572,Pune,Tamil Nadu,India,2025-08-17
957,Vikram,Deshmukh,Female,vikram.deshmukh957@gmail.com,9309329981,Jaipur,Delhi,India,2026-01-19
958,Vikram,Sharma,Female,vikram.sharma958@gmail.com,9932971509,Chennai,Delhi,India,2025-06-07
959,Priya,Singh,Female,priya.singh959@gmail.com,9532735241,Mumbai,Gujarat,India,2025-08-14
960,Sahil,Nair,Male,sahil.nair960@gmail.com,9973278195,Nashik,Gujarat,India,2025-04-18
961,Aditya,Sharma,Male,aditya.sharma961@gmail.com,9687616481,Jaipur,Rajasthan,India,2025-06-30
962,Aarav,Nair,Female,aarav.nair962@gmail.com,9046056876,Pune,Maharashtra,India,2024-05-29
963,Diya,Kapoor,Male,diya.kapoor963@gmail.com,9256523734,Pune,Karnataka,India,2025-10-19
964,Aditya,Nair,Female,aditya.nair964@gmail.com,9345475749,Hyderabad,Delhi,India,2024-02-06
965,Rohan,Singh,Female,rohan.singh965@gmail.com,9035954429,Hyderabad,Tamil Nadu,India,2025-12-31
966,Sahil,Joshi,Male,sahil.joshi966@gmail.com,9229464303,Jaipur,Karnataka,India,2024-05-31
967,Aryan,Sharma,Female,aryan.sharma967@gmail.com,9588679252,Jaipur,Telangana,India,2025-05-28
968,Karan,Mehta,Female,karan.mehta968@gmail.com,9672872760,Pune,Karnataka,India,2024-08-18
969,Neha,Verma,Male,neha.verma969@gmail.com,9249135779,Mumbai,Telangana,India,2026-02-03
970,Nikhil,Verma,Male,nikhil.verma970@gmail.com,9506158148,Ahmedabad,Telangana,India,2026-01-29
971,Isha,Patel,Male,isha.patel971@gmail.com,9798334233,Delhi,Gujarat,India,2024-02-11
972,Kavya,Joshi,Female,kavya.joshi972@gmail.com,9131284033,Nagpur,Delhi,India,2026-02-18
973,Aryan,Nair,Female,aryan.nair973@gmail.com,9180513717,Pune,Tamil Nadu,India,2024-07-21
974,Rahul,Mehta,Male,rahul.mehta974@gmail.com,9974909617,Nagpur,Delhi,India,2026-04-05
975,Kavya,Nair,Male,kavya.nair975@gmail.com,9469472587,Ahmedabad,Karnataka,India,2025-10-22
976,Neha,Joshi,Male,neha.joshi976@gmail.com,9548847127,Mumbai,Karnataka,India,2025-06-05
977,Meera,Nair,Male,meera.nair977@gmail.com,9216417582,Nagpur,Telangana,India,2024-04-21
978,Ananya,Verma,Female,ananya.verma978@gmail.com,9845871493,Jaipur,Rajasthan,India,2024-06-07
979,Karan,Singh,Male,karan.singh979@gmail.com,9622925879,Chennai,Telangana,India,2026-01-13
980,Diya,Verma,Female,diya.verma980@gmail.com,9745245557,Hyderabad,Tamil Nadu,India,2025-07-30
981,Pooja,Deshmukh,Male,pooja.deshmukh981@gmail.com,9606527403,Nagpur,Rajasthan,India,2026-01-03
982,Diya,Joshi,Female,diya.joshi982@gmail.com,9056658833,Jaipur,Delhi,India,2025-03-26
983,Diya,Patel,Male,diya.patel983@gmail.com,9325797067,Nagpur,Karnataka,India,2025-09-13
984,Aryan,Deshmukh,Male,aryan.deshmukh984@gmail.com,9105485741,Delhi,Gujarat,India,2026-02-06
985,Aditya,Kulkarni,Female,aditya.kulkarni985@gmail.com,9229493817,Nagpur,Karnataka,India,2025-08-09
986,Isha,Joshi,Female,isha.joshi986@gmail.com,9021557325,Delhi,Gujarat,India,2025-04-16
987,Amit,Kulkarni,Male,amit.kulkarni987@gmail.com,9449021666,Delhi,Telangana,India,2024-02-19
988,Nikhil,Sharma,Female,nikhil.sharma988@gmail.com,9096085874,Jaipur,Karnataka,India,2025-10-11
989,Aditya,Patel,Male,aditya.patel989@gmail.com,9818281979,Nagpur,Telangana,India,2024-03-15
990,Vikram,Joshi,Female,vikram.joshi990@gmail.com,9725129578,Chennai,Maharashtra,India,2025-02-15
991,Aryan,Joshi,Male,aryan.joshi991@gmail.com,9960035624,Nagpur,Delhi,India,2025-11-21
992,Karan,Mehta,Female,karan.mehta992@gmail.com,9395923234,Nashik,Maharashtra,India,2024-01-27
993,Isha,Kapoor,Male,isha.kapoor993@gmail.com,9285155333,Hyderabad,Gujarat,India,2025-03-10
994,Diya,Verma,Male,diya.verma994@gmail.com,9502716073,Chennai,Maharashtra,India,2025-04-02
995,Sahil,Deshmukh,Male,sahil.deshmukh995@gmail.com,9369112898,Pune,Gujarat,India,2026-02-13
996,Priya,Patel,Female,priya.patel996@gmail.com,9955633185,Delhi,Karnataka,India,2025-06-04
997,Rahul,Nair,Male,rahul.nair997@gmail.com,9066615541,Chennai,Telangana,India,2025-10-29
998,Neha,Verma,Male,neha.verma998@gmail.com,9670450232,Jaipur,Maharashtra,India,2024-05-11
999,Nikhil,Singh,Male,nikhil.singh999@gmail.com,9700934596,Nashik,Tamil Nadu,India,2024-06-25
1000,Sneha,Mehta,Male,sneha.mehta1000@gmail.com,9251207346,Bengaluru,Telangana,India,2024-09-28
