supplier_id,supplier_name,city,country
1,Canon India Pvt Ltd,Bengaluru,India
2,Apple India Pvt Ltd,Mumbai,India
3,LG India Pvt Ltd,Mumbai,India
4,Nike India Pvt Ltd,Mumbai,India
5,Asus India Pvt Ltd,Nashik,India
6,Boat India Pvt Ltd,Mumbai,India
7,Adidas India Pvt Ltd,Chennai,India
8,Canon India Pvt Ltd,Ahmedabad,India
9,Dell India Pvt Ltd,Nashik,India
10,Samsung India Pvt Ltd,Mumbai,India
11,LG India Pvt Ltd,Nagpur,India
12,Samsung India Pvt Ltd,Chennai,India
13,Samsung India Pvt Ltd,Pune,India
14,Nike India Pvt Ltd,Delhi,India
15,Boat India Pvt Ltd,Ahmedabad,India
16,Nike India Pvt Ltd,Nashik,India
17,Canon India Pvt Ltd,Mumbai,India
18,Sony India Pvt Ltd,Delhi,India
19,Nike India Pvt Ltd,Hyderabad,India
20,Dell India Pvt Ltd,Bengaluru,India
21,Lenovo India Pvt Ltd,Ahmedabad,India
22,LG India Pvt Ltd,Jaipur,India
23,Lenovo India Pvt Ltd,Pune,India
24,Nike India Pvt Ltd,Delhi,India
25,Asus India Pvt Ltd,Jaipur,India
26,HP India Pvt Ltd,Nashik,India
27,HP India Pvt Ltd,Ahmedabad,India
28,Dell India Pvt Ltd,Nashik,India
29,HP India Pvt Ltd,Pune,India
30,Asus India Pvt Ltd,Pune,India
31,Asus India Pvt Ltd,Chennai,India
32,Sony India Pvt Ltd,Jaipur,India
33,Samsung India Pvt Ltd,Nagpur,India
34,HP India Pvt Ltd,Hyderabad,India
35,Dell India Pvt Ltd,Hyderabad,India
36,LG India Pvt Ltd,Delhi,India
37,Lenovo India Pvt Ltd,Jaipur,India
38,Adidas India Pvt Ltd,Ahmedabad,India
39,Canon India Pvt Ltd,Hyderabad,India
40,Dell India Pvt Ltd,Bengaluru,India
41,Boat India Pvt Ltd,Bengaluru,India
42,Lenovo India Pvt Ltd,Nashik,India
43,Canon India Pvt Ltd,Mumbai,India
44,Asus India Pvt Ltd,Chennai,India
45,Lenovo India Pvt Ltd,Mumbai,India
46,HP India Pvt Ltd,Nashik,India
47,Apple India Pvt Ltd,Nashik,India
48,Lenovo India Pvt Ltd,Mumbai,India
49,HP India Pvt Ltd,Nashik,India
50,Boat India Pvt Ltd,Bengaluru,India
51,Apple India Pvt Ltd,Jaipur,India
52,Nike India Pvt Ltd,Delhi,India
53,LG India Pvt Ltd,Nagpur,India
54,Lenovo India Pvt Ltd,Jaipur,India
55,Boat India Pvt Ltd,Delhi,India
56,HP India Pvt Ltd,Delhi,India
57,Canon India Pvt Ltd,Hyderabad,India
58,Adidas India Pvt Ltd,Delhi,India
59,Samsung India Pvt Ltd,Hyderabad,India
60,Lenovo India Pvt Ltd,Ahmedabad,India
61,LG India Pvt Ltd,Bengaluru,India
62,Dell India Pvt Ltd,Hyderabad,India
63,LG India Pvt Ltd,Delhi,India
64,Adidas India Pvt Ltd,Delhi,India
65,Lenovo India Pvt Ltd,Pune,India
66,Lenovo India Pvt Ltd,Bengaluru,India
67,Adidas India Pvt Ltd,Hyderabad,India
68,Samsung India Pvt Ltd,Bengaluru,India
69,Boat India Pvt Ltd,Mumbai,India
70,Adidas India Pvt Ltd,Nashik,India
71,Samsung India Pvt Ltd,Nagpur,India
72,Nike India Pvt Ltd,Pune,India
73,Samsung India Pvt Ltd,Ahmedabad,India
74,Asus India Pvt Ltd,Hyderabad,India
75,Dell India Pvt Ltd,Bengaluru,India
76,Sony India Pvt Ltd,Delhi,India
77,Boat India Pvt Ltd,Ahmedabad,India
78,Samsung India Pvt Ltd,Ahmedabad,India
79,Dell India Pvt Ltd,Chennai,India
80,Adidas India Pvt Ltd,Nagpur,India
81,Dell India Pvt Ltd,Nagpur,India
82,Apple India Pvt Ltd,Nagpur,India
83,Asus India Pvt Ltd,Bengaluru,India
84,Adidas India Pvt Ltd,Jaipur,India
85,Dell India Pvt Ltd,Jaipur,India
86,Adidas India Pvt Ltd,Ahmedabad,India
87,Apple India Pvt Ltd,Ahmedabad,India
88,LG India Pvt Ltd,Ahmedabad,India
89,HP India Pvt Ltd,Ahmedabad,India
90,Dell India Pvt Ltd,Bengaluru,India
91,Dell India Pvt Ltd,Pune,India
92,Lenovo India Pvt Ltd,Nashik,India
93,Lenovo India Pvt Ltd,Jaipur,India
94,HP India Pvt Ltd,Nashik,India
95,Adidas India Pvt Ltd,Jaipur,India
96,Boat India Pvt Ltd,Nagpur,India
97,Sony India Pvt Ltd,Mumbai,India
98,Boat India Pvt Ltd,Hyderabad,India
99,Boat India Pvt Ltd,Ahmedabad,India
100,Boat India Pvt Ltd,Delhi,India
